PLAYER,POS
Othyus Jeffers,Guard
Josh Powell,Forward
James Southerland,Forward
Adonis Thomas,Forward
Aaron Jackson,Forward
David Stockton,Guard
Lorenzo Brown,Guard
Aaron Jackson,Forward
Alfonzo McKinnie,Forward
Andre Ingram,Guard
Brice Johnson,Forward
Brice Johnson,Forward
David Stockton,Guard
Jack Cooley,Forward
Jaylen Morris,Guard
Josh Gray,Forward
Lorenzo Brown,Guard
Maxi Kleber,Forward
Omari Johnson,Forward
Vander Blue,Guard
Wayne Selden,Guard
Xavier Silas,Guard
Danny Green,Forward
Kawhi Leonard,Forward
Kyle Lowry,Guard
Pascal Siakam,Forward
Fred VanVleet,Guard
Norman Powell,Forward
Stephen Curry,Guard
Draymond Green,Forward
Shaun Livingston,Guard
Kevon Looney,Forward
Alfonzo McKinnie,Forward
Klay Thompson,Guard
Al-Farouq Aminu,Forward
Seth Curry,Guard
Maurice Harkless,Forward
Rodney Hood,Guard
Damian Lillard,Guard
CJ McCollum,Guard
Evan Turner,Forward
Andre Iguodala,Forward
Giannis Antetokounmpo,Forward
Eric Bledsoe,Guard
Pat Connaughton,Guard
George Hill,Guard
Ersan Ilyasova,Forward
Khris Middleton,Forward
Will Barton,Guard
Malik Beasley,Guard
Torrey Craig,Forward
Gary Harris,Guard
Paul Millsap,Forward
Monte Morris,Guard
Jamal Murray,Guard
Nikola Mirotic,Forward
Jodie Meeks,Guard
Jonas Jerebko,Forward
Jimmy Butler,Forward
Tobias Harris,Forward
JJ Redick,Guard
Ben Simmons,Forward
Jordan Bell,Forward
Quinn Cook,Guard
Kevin Durant,Forward
Eric Gordon,Guard
Gerald Green,Forward
James Harden,Guard
Chris Paul,Guard
PJ Tucker,Forward
James Ennis III,Forward
Tim Frazier,Guard
Sterling Brown,Guard
Jonah Bolden,Forward
Austin Rivers,Guard
Mike Scott,Forward
T.J. McConnell,Guard
Jaylen Brown,Forward
Gordon Hayward,Forward
Kyrie Irving,Guard
Marcus Morris,Forward
Terry Rozier,Guard
Jayson Tatum,Forward
Malcolm Miller,Forward
Tony Snell,Guard
Iman Shumpert,Guard
D.J. Wilson,Forward
Patrick McCaw,Guard
LaMarcus Aldridge,Forward
Marco Belinelli,Forward
DeMar DeRozan,Guard
Bryn Forbes,Guard
Rudy Gay,Forward
Patty Mills,Guard
Derrick White,Guard
Danuel House Jr.,Forward
Daniel Theis,Forward
Jonathon Simmons,Forward
Jeremy Lin,Guard
Malcolm Brogdon,Guard
Patrick Beverley,Guard
Danilo Gallinari,Forward
Shai Gilgeous-Alexander,Guard
JaMychal Green,Forward
Landry Shamet,Guard
Garrett Temple,Forward
Lou Williams,Guard
Lonnie Walker IV,Guard
Semi Ojeleye,Forward
Jake Layman,Forward
DeMarre Carroll,Forward
Spencer Dinwiddie,Guard
Treveon Graham,Forward
Joe Harris,Forward
Caris LeVert,Guard
D'Angelo Russell,Guard
Davis Bertans,Forward
D.J. Augustin,Guard
Michael Carter-Williams,Guard
Evan Fournier,Forward
Aaron Gordon,Forward
Jonathan Isaac,Forward
Wes Iwundu,Forward
Terrence Ross,Forward
Raymond Felton,Guard
Terrance Ferguson,Guard
Paul George,Forward
Jerami Grant,Forward
Markieff Morris,Forward
Dennis Schroder,Guard
Russell Westbrook,Guard
Jae Crowder,Forward
Joe Ingles,Forward
Donovan Mitchell,Guard
Georges Niang,Forward
Royce O'Neale,Forward
Ricky Rubio,Guard
Jerome Robinson,Guard
Dante Cunningham,Forward
Quincy Pondexter,Forward
Juancho Hernangomez,Forward
Anfernee Simons,Guard
Jacob Evans,Guard
Wilson Chandler,Forward
Bojan Bogdanovic,Forward
Darren Collison,Guard
Tyreke Evans,Guard
Cory Joseph,Guard
Wesley Matthews,Forward
Domantas Sabonis,Forward
Thaddeus Young,Forward
Bruce Brown,Guard
Wayne Ellington,Guard
Langston Galloway,Guard
Reggie Jackson,Guard
Luke Kennard,Guard
Kyle Korver,Forward
Thon Maker,Forward
Ish Smith,Guard
Rodions Kurucs,Forward
Sindarius Thornwell,Guard
Jared Dudley,Forward
Rondae Hollis-Jefferson,Forward
Thabo Sefolosha,Forward
Furkan Korkmaz,Forward
Brad Wanamaker,Guard
Guerschon Yabusele,Forward
Doug McDermott,Forward
Aaron Holiday,Guard
Raul Neto,Guard
Deonte Burton,Guard
Abdel Nader,Forward
Jose Calderon,Guard
Glenn Robinson III,Forward
Khyri Thomas,Guard
Shabazz Napier,Guard
Theo Pinson,Forward
Melvin Frazier Jr.,Forward
Jerian Grant,Guard
Jarell Martin,Forward
Jarred Vanderbilt,Forward
Trey Lyles,Forward
Skal Labissiere,Forward
Grayson Allen,Guard
Tyrone Wallace,Guard
Gary Clark,Forward
Blake Griffin,Forward
Dzanan Musa,Forward
Zhaire Smith,Guard
Marcus Smart,Guard
Chris Boucher,Forward
TJ Leaf,Forward
Jon Leuer,Forward
Edmond Sumner,Guard
Alex Abrines,Guard
Quincy Acy,Forward
Jaylen Adams,Guard
Deng Adel,Forward
DeVaughn Akoon-Purcell,Forward
LaMarcus Aldridge,Forward
Rawle Alkins,Guard
Grayson Allen,Guard
Kadeem Allen,Guard
Al-Farouq Aminu,Forward
Justin Anderson,Forward
Kyle Anderson,Forward
Ryan Anderson,Forward
Ryan Anderson,Forward
Giannis Antetokounmpo,Forward
Kostas Antetokounmpo,Forward
Carmelo Anthony,Forward
OG Anunoby,Forward
Ryan Arcidiacono,Guard
Trevor Ariza,Forward
Trevor Ariza,Forward
D.J. Augustin,Guard
Dwayne Bacon,Forward
Marvin Bagley III,Forward
Ron Baker,Guard
Ron Baker,Guard
Wade Baldwin IV,Guard
Lonzo Ball,Guard
J.J. Barea,Guard
Harrison Barnes,Forward
Harrison Barnes,Forward
Will Barton,Guard
Keita Bates-Diop,Forward
Nicolas Batum,Forward
Jerryd Bayless,Guard
Kent Bazemore,Guard
Bradley Beal,Guard
Malik Beasley,Guard
Michael Beasley,Forward
Marco Belinelli,Forward
Jordan Bell,Forward
DeAndre' Bembry,Forward
Dragan Bender,Forward
Davis Bertans,Forward
Dairis Bertans,Guard
Patrick Beverley,Guard
Nemanja Bjelica,Forward
Antonio Blakeney,Guard
Eric Bledsoe,Guard
Jaron Blossomgame,Forward
Bojan Bogdanovic,Forward
Bogdan Bogdanovic,Guard
Jonah Bolden,Forward
Isaac Bonga,Guard
Devin Booker,Guard
Chris Boucher,Forward
Avery Bradley,Guard
Avery Bradley,Guard
Corey Brewer,Forward
Corey Brewer,Forward
Miles Bridges,Forward
Mikal Bridges,Forward
Isaiah Briscoe,Guard
Ryan Broekhoff,Forward
Malcolm Brogdon,Guard
Dillon Brooks,Forward
MarShon Brooks,Guard
Troy Brown Jr.,Forward
Bruce Brown,Guard
Jaylen Brown,Forward
Lorenzo Brown,Guard
Sterling Brown,Guard
Jalen Brunson,Guard
Reggie Bullock,Forward
Reggie Bullock,Forward
Trey Burke,Guard
Trey Burke,Guard
Alec Burks,Guard
Alec Burks,Guard
Alec Burks,Guard
Deonte Burton,Guard
Jimmy Butler,Forward
Jimmy Butler,Forward
Bruno Caboclo,Forward
Jose Calderon,Guard
Kentavious Caldwell-Pope,Guard
Isaiah Canaan,Guard
Isaiah Canaan,Guard
Isaiah Canaan,Guard
DeMarre Carroll,Forward
Wendell Carter Jr.,Forward
Jevon Carter,Guard
Vince Carter,Forward
Michael Carter-Williams,Guard
Michael Carter-Williams,Guard
Alex Caruso,Guard
Omri Casspi,Forward
Troy Caupain,Guard
Tyler Cavanaugh,Forward
Wilson Chandler,Forward
Wilson Chandler,Forward
Joe Chealey,Guard
Chris Chiozza,Guard
Marquese Chriss,Forward
Marquese Chriss,Forward
Gary Clark,Forward
Ian Clark,Guard
Jordan Clarkson,Guard
Darren Collison,Guard
Bonzie Colson,Forward
Mike Conley,Guard
Pat Connaughton,Guard
Quinn Cook,Guard
Robert Covington,Forward
Robert Covington,Forward
Allen Crabbe,Forward
Torrey Craig,Forward
Jamal Crawford,Guard
Mitchell Creek,Forward
Mitchell Creek,Forward
Jae Crowder,Forward
Dante Cunningham,Forward
Seth Curry,Guard
Stephen Curry,Guard
Troy Daniels,Guard
Sam Dekker,Forward
Sam Dekker,Forward
Matthew Dellavedova,Guard
Matthew Dellavedova,Guard
Luol Deng,Forward
DeMar DeRozan,Guard
Marcus Derrickson,Forward
Cheick Diallo,Forward
Hamidou Diallo,Guard
Spencer Dinwiddie,Guard
Donte DiVincenzo,Guard
Luka Doncic,Forward
Tyler Dorsey,Guard
Tyler Dorsey,Guard
Damyean Dotson,Guard
PJ Dozier,Forward
Goran Dragic,Guard
Jared Dudley,Forward
Kris Dunn,Guard
Kevin Durant,Forward
Trevon Duval,Guard
Vincent Edwards,Forward
Henry Ellenson,Forward
Henry Ellenson,Forward
Wayne Ellington,Guard
Wayne Ellington,Guard
James Ennis III,Forward
James Ennis III,Forward
Drew Eubanks,Forward
Jacob Evans,Guard
Jawun Evans,Guard
Jawun Evans,Guard
Tyreke Evans,Guard
Dante Exum,Guard
Raymond Felton,Guard
Terrance Ferguson,Guard
Yogi Ferrell,Guard
Dorian Finney-Smith,Forward
Bryn Forbes,Guard
Evan Fournier,Forward
De'Aaron Fox,Guard
Melvin Frazier Jr.,Forward
Tim Frazier,Guard
Tim Frazier,Guard
Jimmer Fredette,Guard
Markelle Fultz,Guard
Danilo Gallinari,Forward
Langston Galloway,Guard
Billy Garrett,Guard
Rudy Gay,Forward
Paul George,Forward
Taj Gibson,Forward
Shai Gilgeous-Alexander,Guard
Brandon Goodwin,Guard
Aaron Gordon,Forward
Eric Gordon,Guard
Devonte' Graham,Guard
Treveon Graham,Forward
Donte Grantham,Forward
Jerami Grant,Forward
Jerian Grant,Guard
Danny Green,Forward
Draymond Green,Forward
Gerald Green,Forward
JaMychal Green,Forward
JaMychal Green,Forward
Jeff Green,Forward
Blake Griffin,Forward
Daniel Hamilton,Forward
Dusty Hannahs,Guard
Tim Hardaway Jr.,Guard
Tim Hardaway Jr.,Guard
James Harden,Guard
Maurice Harkless,Forward
Devin Harris,Guard
Gary Harris,Guard
Joe Harris,Forward
Andrew Harrison,Guard
Andrew Harrison,Guard
Andrew Harrison,Guard
Shaquille Harrison,Guard
Tobias Harris,Forward
Tobias Harris,Forward
Josh Hart,Guard
Udonis Haslem,Forward
Gordon Hayward,Forward
John Henson,Forward
Juancho Hernangomez,Forward
Mario Hezonja,Forward
Isaiah Hicks,Forward
Buddy Hield,Guard
Haywood Highsmith,Forward
George Hill,Guard
George Hill,Guard
Solomon Hill,Forward
Aaron Holiday,Guard
Jrue Holiday,Guard
Justin Holiday,Guard
Justin Holiday,Forward
John Holland,Guard
Rondae Hollis-Jefferson,Forward
Rodney Hood,Guard
Rodney Hood,Guard
Danuel House Jr.,Forward
Kevin Huerter,Guard
RJ Hunter,Guard
Chandler Hutchison,Forward
Andre Iguodala,Forward
Ersan Ilyasova,Forward
Joe Ingles,Forward
Andre Ingram,Guard
Brandon Ingram,Forward
Kyrie Irving,Guard
Jonathan Isaac,Forward
Wes Iwundu,Forward
Demetrius Jackson,Guard
Frank Jackson,Guard
Josh Jackson,Forward
Justin Jackson,Forward
Justin Jackson,Forward
Reggie Jackson,Guard
LeBron James,Forward
Amile Jefferson,Forward
John Jenkins,Guard
John Jenkins,Guard
Jonas Jerebko,Forward
Alize Johnson,Forward
BJ Johnson,Forward
BJ Johnson,Forward
James Johnson,Forward
Stanley Johnson,Forward
Stanley Johnson,Forward
Tyler Johnson,Guard
Tyler Johnson,Guard
Wesley Johnson,Forward
Wesley Johnson,Forward
Derrick Jones Jr.,Forward
Jalen Jones,Forward
Jemerrio Jones,Forward
Terrence Jones,Forward
Tyus Jones,Guard
Cory Joseph,Guard
Luke Kennard,Guard
Michael Kidd-Gilchrist,Forward
George King,Forward
Maxi Kleber,Forward
Brandon Knight,Guard
Brandon Knight,Guard
Kevin Knox,Forward
Furkan Korkmaz,Forward
Kyle Korver,Forward
Kyle Korver,Forward
Rodions Kurucs,Forward
Kyle Kuzma,Forward
Skal Labissiere,Forward
Skal Labissiere,Forward
Jeremy Lamb,Guard
Zach LaVine,Guard
Jake Layman,Forward
TJ Leaf,Forward
Courtney Lee,Guard
Courtney Lee,Guard
Damion Lee,Guard
Walter Lemon Jr.,Guard
Kawhi Leonard,Forward
Jon Leuer,Forward
Caris LeVert,Guard
Damian Lillard,Guard
Jeremy Lin,Guard
Jeremy Lin,Guard
Shaun Livingston,Guard
Zach Lofton,Guard
Kevon Looney,Forward
Kyle Lowry,Guard
Jordan Loyd,Guard
Kalin Lucas,Guard
Timothe Luwawu-Cabarrot,Forward
Timothe Luwawu-Cabarrot,Forward
Tyler Lydon,Forward
Trey Lyles,Forward
Scott Machado,Guard
Shelvin Mack,Guard
Shelvin Mack,Guard
Daryl Macon,Guard
J.P. Macura,Guard
Thon Maker,Forward
Thon Maker,Forward
Lauri Markkanen,Forward
Jarell Martin,Forward
Frank Mason,Guard
Yante Maten,Forward
Wesley Matthews,Forward
Wesley Matthews,Forward
Wesley Matthews,Forward
Luc Mbah a Moute,Forward
Tahjere McCall,Guard
Patrick McCaw,Guard
Patrick McCaw,Guard
CJ McCollum,Guard
T.J. McConnell,Guard
Doug McDermott,Forward
Rodney McGruder,Forward
Alfonzo McKinnie,Forward
Ben McLemore,Guard
Jordan McRae,Guard
Jodie Meeks,Guard
De'Anthony Melton,Guard
Chimezie Metu,Forward
Khris Middleton,Forward
CJ Miles,Forward
CJ Miles,Forward
Darius Miller,Forward
Malcolm Miller,Forward
Paul Millsap,Forward
Patty Mills,Guard
Shake Milton,Guard
Nikola Mirotic,Forward
Nikola Mirotic,Forward
Donovan Mitchell,Guard
Naz Mitrou-Long,Guard
Malik Monk,Guard
E'Twaun Moore,Guard
Jaylen Morris,Guard
Marcus Morris,Forward
Markieff Morris,Forward
Markieff Morris,Forward
Monte Morris,Guard
Johnathan Motley,Forward
Emmanuel Mudiay,Guard
Jamal Murray,Guard
Dzanan Musa,Forward
Svi Mykhailiuk,Forward
Svi Mykhailiuk,Guard
Abdel Nader,Forward
Larry Nance Jr.,Forward
Shabazz Napier,Guard
Raul Neto,Guard
Georges Niang,Forward
Dirk Nowitzki,Forward
Frank Ntilikina,Guard
James Nunnally,Forward
James Nunnally,Forward
David Nwaba,Guard
Semi Ojeleye,Forward
Elie Okobo,Guard
Josh Okogie,Guard
Victor Oladipo,Guard
Kelly Olynyk,Forward
Royce O'Neale,Forward
Cedi Osman,Forward
Kelly Oubre Jr.,Forward
Kelly Oubre Jr.,Forward
Jabari Parker,Forward
Jabari Parker,Forward
Tony Parker,Guard
Chandler Parsons,Forward
Patrick Patterson,Forward
Chris Paul,Guard
Cameron Payne,Guard
Cameron Payne,Guard
Gary Payton II,Guard
Elfrid Payton,Guard
Theo Pinson,Forward
Quincy Pondexter,Forward
Otto Porter Jr.,Forward
Otto Porter Jr.,Forward
Bobby Portis,Forward
Bobby Portis,Forward
Norman Powell,Forward
Alex Poythress,Forward
Taurean Prince,Forward
Ivan Rabb,Forward
Chasson Randle,Guard
Julius Randle,Forward
JJ Redick,Guard
Davon Reed,Guard
Cameron Reynolds,Guard
Josh Richardson,Forward
Malachi Richardson,Guard
Austin Rivers,Guard
Austin Rivers,Guard
Glenn Robinson III,Forward
Devin Robinson,Forward
Duncan Robinson,Forward
Jerome Robinson,Guard
Rajon Rondo,Guard
Derrick Rose,Guard
Terrence Ross,Forward
Terry Rozier,Guard
Ricky Rubio,Guard
D'Angelo Russell,Guard
Domantas Sabonis,Forward
Brandon Sampson,Guard
JaKarr Sampson,Forward
Dario Saric,Forward
Dario Saric,Forward
Tomas Satoransky,Forward
Dennis Schroder,Guard
Mike Scott,Forward
Mike Scott,Forward
Thabo Sefolosha,Forward
Wayne Selden,Forward
Wayne Selden,Forward
Collin Sexton,Guard
Landry Shamet,Guard
Landry Shamet,Guard
Iman Shumpert,Guard
Iman Shumpert,Guard
Pascal Siakam,Forward
Jordan Sibert,Guard
Ben Simmons,Forward
Jonathon Simmons,Forward
Jonathon Simmons,Forward
Kobi Simmons,Guard
Anfernee Simons,Guard
Marcus Smart,Guard
Dennis Smith Jr.,Guard
Dennis Smith Jr.,Guard
Ish Smith,Guard
JR Smith,Forward
Zhaire Smith,Guard
Tony Snell,Guard
Ray Spalding,Forward
Ray Spalding,Forward
Omari Spellman,Forward
Nik Stauskas,Guard
Nik Stauskas,Guard
DJ Stephens,Forward
Lance Stephenson,Guard
Edmond Sumner,Guard
Caleb Swanigan,Forward
Caleb Swanigan,Forward
Jayson Tatum,Forward
Jeff Teague,Guard
Garrett Temple,Forward
Garrett Temple,Forward
Milos Teodosic,Guard
Jared Terrell,Guard
Emanuel Terry,Forward
Emanuel Terry,Forward
Daniel Theis,Forward
Isaiah Thomas,Guard
Khyri Thomas,Guard
Lance Thomas,Forward
Klay Thompson,Guard
Sindarius Thornwell,Guard
Anthony Tolliver,Forward
Gary Trent Jr.,Guard
Allonzo Trier,Guard
PJ Tucker,Forward
Evan Turner,Forward
Tyler Ulis,Guard
Jarred Vanderbilt,Forward
Fred VanVleet,Guard
Noah Vonleh,Forward
Dwyane Wade,Guard
Dion Waiters,Guard
Lonnie Walker IV,Guard
Kemba Walker,Guard
Tyrone Wallace,Guard
John Wall,Guard
Brad Wanamaker,Guard
T.J. Warren,Forward
Julian Washburn,Forward
Yuta Watanabe,Guard
Russell Westbrook,Guard
Derrick White,Guard
Okaro White,Forward
Andrew Wiggins,Forward
C.J. Williams,Guard
Johnathan Williams,Forward
Kenrich Williams,Forward
Lou Williams,Guard
Marvin Williams,Forward
Troy Williams,Forward
D.J. Wilson,Forward
Justise Winslow,Forward
Christian Wood,Forward
Christian Wood,Forward
Delon Wright,Guard
Delon Wright,Guard
Guerschon Yabusele,Forward
Nick Young,Forward
Thaddeus Young,Forward
Trae Young,Guard
TJ McConnell,Guard
DJ Wilson,Forward
Danuel House Jr,Forward
DJ Augustin,Guard
Melvin Frazier Jr,Forward
DJ Augustin,Guard
JJ Barea,Guard
Troy Brown Jr,Forward
Wendell Carter Jr,Forward
Melvin Frazier Jr,Forward
Tim Hardaway Jr,Guard
Tim Hardaway Jr,Guard
Danuel House Jr,Forward
Derrick Jones Jr,Forward
Walter Lemon Jr,Guard
JP Macura,Guard
TJ McConnell,Guard
Larry Nance Jr,Forward
Kelly Oubre Jr,Forward
Kelly Oubre Jr,Forward
Otto Porter Jr,Forward
Otto Porter Jr,Forward
Dennis Smith Jr,Guard
Dennis Smith Jr,Guard
Gary Trent Jr,Guard
TJ Warren,Forward
CJ Williams,Guard
DJ Wilson,Forward
TJ McConnell,Guard
DJ Wilson,Forward
Danuel House,Forward
DJ Augustin,Guard
Melvin Frazier,Forward
DJ Augustin,Guard
JJ Barea,Guard
Troy Brown,Forward
Wendell Carter,Forward
Melvin Frazier,Forward
Tim Hardaway,Guard
Tim Hardaway,Guard
Danuel House,Forward
Derrick Jones,Forward
Walter Lemon,Guard
JP Macura,Guard
TJ McConnell,Guard
Larry Nance,Forward
Kelly Oubre,Forward
Kelly Oubre,Forward
Otto Porter,Forward
Otto Porter,Forward
Dennis Smith,Guard
Dennis Smith,Guard
Gary Trent,Guard
TJ Warren,Forward
CJ Williams,Guard
DJ Wilson,Forward
duje dukan,Forward
Quincy Acy,Small Forward
Quincy Acy,Small Forward
Steven Adams,Center
Jeff Adrien,Power Forward
Jeff Adrien,Power Forward
Arron Afflalo,Shooting Guard
Alexis Ajinca,Center
Cole Aldrich,Center
LaMarcus Aldridge,Power Forward
Lavoy Allen,Power Forward
Lavoy Allen,Power Forward
Ray Allen,Shooting Guard
Tony Allen,Shooting Guard
Al-Farouq Aminu,Small Forward
Louis Amundson,Power Forward
Chris Andersen,Center
Alan Anderson,Small Forward
James Anderson,Shooting Guard
Ryan Anderson,Power Forward
Giannis Antetokounmpo,Small Forward
Carmelo Anthony,Power Forward
Joel Anthony,Center
Pero Antic,Power Forward
Trevor Ariza,Small Forward
Hilton Armstrong,Center
Darrell Arthur,Small Forward
Omer Asik,Center
D.J. Augustin,Point Guard
D.J. Augustin,Point Guard
Gustavo Ayon,Center
Jeff Ayres,Power Forward
Chris Babb,Shooting Guard
Luke Babbitt,Power Forward
Leandro Barbosa,Point Guard
Jose Barea,Point Guard
Andrea Bargnani,Center
Harrison Barnes,Small Forward
Matt Barnes,Small Forward
Will Barton,Shooting Guard
Brandon Bass,Power Forward
Shane Battier,Small Forward
Nicolas Batum,Small Forward
Jerryd Bayless,Point Guard
Jerryd Bayless,Point Guard
Aron Baynes,Center
Kent Bazemore,Shooting Guard
Kent Bazemore,Shooting Guard
Bradley Beal,Shooting Guard
Michael Beasley,Small Forward
Marco Belinelli,Small Forward
Anthony Bennett,Small Forward
Patrick Beverley,Shooting Guard
Andris Biedrins,Center
Chauncey Billups,Shooting Guard
Bismack Biyombo,Center
DeJuan Blair,Power Forward
Steve Blake,Point Guard
Steve Blake,Point Guard
Andray Blatche,Power Forward
Eric Bledsoe,Point Guard
Keith Bogans,Shooting Guard
Andrew Bogut,Center
Matt Bonner,Power Forward
Trevor Booker,Power Forward
Carlos Boozer,Power Forward
Chris Bosh,Center
Avery Bradley,Point Guard
Elton Brand,Power Forward
Corey Brewer,Small Forward
Ronnie Brewer,Small Forward
Aaron Brooks,Point Guard
Aaron Brooks,Point Guard
MarShon Brooks,Shooting Guard
MarShon Brooks,Shooting Guard
Lorenzo Brown,Shooting Guard
Shannon Brown,Shooting Guard
Shannon Brown,Shooting Guard
Kobe Bryant,Shooting Guard
Chase Budinger,Small Forward
Reggie Bullock,Small Forward
Trey Burke,Point Guard
Alec Burks,Shooting Guard
Caron Butler,Small Forward
Caron Butler,Small Forward
Jimmy Butler,Shooting Guard
Rasual Butler,Shooting Guard
Dwight Buycks,Point Guard
Andrew Bynum,Center
Andrew Bynum,Center
Will Bynum,Point Guard
Nick Calathes,Shooting Guard
Jose Calderon,Shooting Guard
Kentavious Caldwell-Pope,Shooting Guard
Isaiah Canaan,Point Guard
DeMarre Carroll,Small Forward
Vince Carter,Shooting Guard
Michael Carter-Williams,Point Guard
Omri Casspi,Power Forward
Mario Chalmers,Point Guard
Tyson Chandler,Center
Wilson Chandler,Small Forward
Josh Childress,Small Forward
Dionte Christmas,Small Forward
Earl Clark,Power Forward
Earl Clark,Power Forward
Ian Clark,Shooting Guard
Victor Claver,Small Forward
Norris Cole,Point Guard
Jason Collins,Center
Darren Collison,Point Guard
Nick Collison,Power Forward
Mike Conley,Point Guard
Chris Copeland,Small Forward
DeMarcus Cousins,Center
Allen Crabbe,Shooting Guard
Jamal Crawford,Shooting Guard
Jordan Crawford,Shooting Guard
Jordan Crawford,Shooting Guard
Jae Crowder,Small Forward
Dante Cunningham,Small Forward
Jared Cunningham,Shooting Guard
Seth Curry,Point Guard
Stephen Curry,Point Guard
Samuel Dalembert,Center
Troy Daniels,Shooting Guard
Luigi Datome,Small Forward
Brandon Davies,Power Forward
Anthony Davis,Center
Ed Davis,Power Forward
Glen Davis,Power Forward
Glen Davis,Power Forward
Austin Daye,Small Forward
Nando De Colo,Small Forward
Nando De Colo,Small Forward
Dewayne Dedmon,Center
Dewayne Dedmon,Center
Matthew Dellavedova,Shooting Guard
Luol Deng,Small Forward
Luol Deng,Small Forward
DeMar DeRozan,Shooting Guard
Boris Diaw,Power Forward
Gorgui Dieng,Center
Toney Douglas,Point Guard
Toney Douglas,Point Guard
Chris Douglas-Roberts,Small Forward
Goran Dragic,Shooting Guard
Andre Drummond,Center
Jared Dudley,Small Forward
Tim Duncan,Center
Mike Dunleavy,Small Forward
Kevin Durant,Small Forward
Shane Edwards,Small Forward
Wayne Ellington,Shooting Guard
Monta Ellis,Point Guard
Melvin Ely,Center
Jeremy Evans,Small Forward
Reggie Evans,Power Forward
Reggie Evans,Power Forward
Tyreke Evans,Small Forward
Kenneth Faried,Power Forward
Jordan Farmar,Point Guard
Vitor Faverani,Center
Derrick Favors,Power Forward
Carrick Felix,Shooting Guard
Raymond Felton,Point Guard
Landry Fields,Small Forward
Derek Fisher,Shooting Guard
Evan Fournier,Shooting Guard
Randy Foye,Shooting Guard
Jamaal Franklin,Shooting Guard
Jimmer Fredette,Shooting Guard
Jimmer Fredette,Shooting Guard
Joel Freeland,Center
Channing Frye,Power Forward
Francisco Garcia,Small Forward
Kevin Garnett,Center
Diante Garrett,Point Guard
Marc Gasol,Center
Pau Gasol,Center
Rudy Gay,Small Forward
Rudy Gay,Small Forward
Alonzo Gee,Small Forward
Paul George,Small Forward
Taj Gibson,Power Forward
Manu Ginobili,Shooting Guard
Rudy Gobert,Center
Ryan Gomes,Small Forward
Drew Gooden,Center
Archie Goodwin,Shooting Guard
Ben Gordon,Shooting Guard
Eric Gordon,Shooting Guard
Marcin Gortat,Center
Danny Granger,Small Forward
Danny Granger,Small Forward
Aaron Gray,Center
Danny Green,Shooting Guard
Draymond Green,Small Forward
Gerald Green,Shooting Guard
Jeff Green,Small Forward
Willie Green,Shooting Guard
Blake Griffin,Power Forward
Jorge Gutierrez,Point Guard
Jordan Hamilton,Small Forward
Jordan Hamilton,Small Forward
Justin Hamilton,Center
Tyler Hansbrough,Power Forward
Tim Hardaway,Shooting Guard
James Harden,Shooting Guard
Maurice Harkless,Small Forward
Josh Harrellson,Center
Al Harrington,Power Forward
Devin Harris,Point Guard
Elias Harris,Small Forward
Manny Harris,Shooting Guard
Mike Harris,Power Forward
Tobias Harris,Power Forward
Udonis Haslem,Power Forward
Spencer Hawes,Center
Spencer Hawes,Center
Chuck Hayes,Center
Chuck Hayes,Center
Gordon Hayward,Small Forward
Gerald Henderson,Shooting Guard
Xavier Henry,Small Forward
John Henson,Power Forward
Roy Hibbert,Center
J.J. Hickson,Power Forward
Nene Hilario,Power Forward
George Hill,Point Guard
Jordan Hill,Power Forward
Solomon Hill,Small Forward
Kirk Hinrich,Point Guard
Jrue Holiday,Point Guard
Ryan Hollins,Power Forward
Al Horford,Center
Dwight Howard,Center
Robbie Hummel,Small Forward
Kris Humphries,Power Forward
Serge Ibaka,Power Forward
Andre Iguodala,Small Forward
Ersan Ilyasova,Power Forward
Kyrie Irving,Point Guard
Jarrett Jack,Point Guard
Reggie Jackson,Point Guard
Stephen Jackson,Small Forward
Cody Zeller,Center
Tyler Zeller,Center
Tyler Zeller,Center
Ante Zizic,Center
Ivica Zubac,Center
Ivica Zubac,Center
LeBron James,Power Forward
Mike James,Point Guard
Antawn Jamison,Power Forward
Othyus Jeffers,Shooting Guard
Al Jefferson,Power Forward
Richard Jefferson,Small Forward
John Jenkins,Shooting Guard
Brandon Jennings,Point Guard
Jonas Jerebko,Power Forward
Amir Johnson,Power Forward
Chris Johnson,Small Forward
James Johnson,Small Forward
Joe Johnson,Shooting Guard
Orlando Johnson,Shooting Guard
Orlando Johnson,Shooting Guard
Wesley Johnson,Small Forward
James Jones,Small Forward
Perry Jones,Power Forward
Solomon Jones,Power Forward
Terrence Jones,Power Forward
DeAndre Jordan,Center
Cory Joseph,Shooting Guard
Chris Kaman,Center
Enes Kanter,Center
Sergey Karasev,Small Forward
Ryan Kelly,Power Forward
Michael Kidd-Gilchrist,Small Forward
Andrei Kirilenko,Power Forward
Brandon Knight,Point Guard
Kyle Korver,Shooting Guard
Kosta Koufos,Center
Doron Lamb,Shooting Guard
Jeremy Lamb,Shooting Guard
Carl Landry,Power Forward
Shane Larkin,Point Guard
Ty Lawson,Point Guard
Courtney Lee,Shooting Guard
Courtney Lee,Shooting Guard
David Lee,Power Forward
Alex Len,Center
Kawhi Leonard,Small Forward
Meyers Leonard,Center
Jon Leuer,Power Forward
Rashard Lewis,Small Forward
Damian Lillard,Point Guard
Jeremy Lin,Point Guard
Shaun Livingston,Point Guard
Brook Lopez,Center
Robin Lopez,Center
Kevin Love,Power Forward
Kyle Lowry,Point Guard
John Lucas,Point Guard
Shelvin Mack,Point Guard
Ian Mahinmi,Center
Shawn Marion,Small Forward
Kendall Marshall,Point Guard
Cartier Martin,Small Forward
Cartier Martin,Small Forward
Kenyon Martin,Power Forward
Kevin Martin,Shooting Guard
Roger Mason,Shooting Guard
Wesley Matthews,Shooting Guard
Jason Maxiell,Power Forward
Eric Maynor,Point Guard
Eric Maynor,Point Guard
O.J. Mayo,Shooting Guard
Luc Mbah a Moute,Small Forward
Luc Mbah a Moute,Power Forward
Ray McCallum,Point Guard
C.J. McCollum,Shooting Guard
JaVale McGee,Center
Ben McLemore,Shooting Guard
Josh McRoberts,Power Forward
Jodie Meeks,Shooting Guard
Gal Mekel,Point Guard
Khris Middleton,Small Forward
C.J. Miles,Shooting Guard
Andre Miller,Shooting Guard
Andre Miller,Shooting Guard
Darius Miller,Small Forward
Mike Miller,Small Forward
Quincy Miller,Small Forward
Patrick Mills,Point Guard
Paul Millsap,Power Forward
Nazr Mohammed,Center
Greg Monroe,Power Forward
E’Twaun Moore,Shooting Guard
Darius Morris,Point Guard
Darius Morris,Point Guard
Darius Morris,Point Guard
Marcus Morris,Small Forward
Markieff Morris,Power Forward
Anthony Morrow,Shooting Guard
Donatas Motiejunas,Power Forward
Arnett Moultrie,Power Forward
Timofey Mozgov,Center
Shabazz Muhammad,Shooting Guard
Byron Mullens,Center
Byron Mullens,Center
Toure’ Murry,Small Forward
Mike Muscala,Center
Hamady N’Diaye,Center
Steve Nash,Point Guard
Gary Neal,Shooting Guard
Gary Neal,Shooting Guard
Nemanja Nedovic,Shooting Guard
Jameer Nelson,Point Guard
Andrew Nicholson,Power Forward
Joakim Noah,Center
Steve Novak,Power Forward
Dirk Nowitzki,Power Forward
James Nunnally,Small Forward
James Nunnally,Small Forward
Jermaine O’Neal,Power Forward
Kyle O’Quinn,Center
Greg Oden,Center
Victor Oladipo,Point Guard
Kelly Olynyk,Center
Arinze Onuaku,Power Forward
Daniel Orton,Center
Travis Outlaw,Small Forward
Zaza Pachulia,Center
Jannero Pargo,Point Guard
Tony Parker,Point Guard
Chandler Parsons,Small Forward
Patrick Patterson,Power Forward
Patrick Patterson,Power Forward
Chris Paul,Point Guard
Nikola Pekovic,Center
Kendrick Perkins,Center
Paul Pierce,Small Forward
Mason Plumlee,Power Forward
Miles Plumlee,Center
Quincy Pondexter,Shooting Guard
Otto Porter,Small Forward
Phil Pressey,Point Guard
Ronnie Price,Shooting Guard
Pablo Prigioni,Point Guard
Tayshaun Prince,Small Forward
Miroslav Raduljica,Center
Anthony Randolph,Power Forward
Shavlik Randolph,Power Forward
Zach Randolph,Power Forward
J.J. Redick,Shooting Guard
Glen Rice,Shooting Guard
Luke Ridnour,Point Guard
Luke Ridnour,Point Guard
Austin Rivers,Shooting Guard
Andre Roberson,Power Forward
Brian Roberts,Point Guard
Nate Robinson,Point Guard
Thomas Robinson,Power Forward
Rajon Rondo,Point Guard
Derrick Rose,Point Guard
Terrence Ross,Shooting Guard
Ricky Rubio,Point Guard
Brandon Rush,Shooting Guard
Robert Sacre,Center
John Salmons,Small Forward
John Salmons,Shooting Guard
Larry Sanders,Center
Dennis Schroeder,Point Guard
Luis Scola,Power Forward
Mike Scott,Power Forward
Thabo Sefolosha,Shooting Guard
Kevin Seraphin,Center
Ramon Sessions,Point Guard
Ramon Sessions,Point Guard
Tornike Shengelia,Small Forward
Iman Shumpert,Shooting Guard
Alexey Shved,Shooting Guard
Henry Sims,Center
Henry Sims,Center
Kyle Singler,Small Forward
Chris Singleton,Small Forward
Peyton Siva,Shooting Guard
Donald Sloan,Shooting Guard
Greg Smith,Center
Ishmael Smith,Point Guard
J.R. Smith,Small Forward
Jason Smith,Power Forward
Josh Smith,Small Forward
Tony Snell,Shooting Guard
Marreese Speights,Center
Tiago Splitter,Center
Lance Stephenson,Shooting Guard
Greg Stiemsma,Center
Julyan Stone,Shooting Guard
Amar’e Stoudemire,Center
Rodney Stuckey,Shooting Guard
Jared Sullinger,Power Forward
Jeffery Taylor,Small Forward
Tyshawn Taylor,Point Guard
Jeff Teague,Point Guard
Marquis Teague,Shooting Guard
Marquis Teague,Shooting Guard
Mirza Teletovic,Small Forward
Garrett Temple,Shooting Guard
Jason Terry,Point Guard
Hasheem Thabeet,Center
Adonis Thomas,Small Forward
Isaiah Thomas,Point Guard
Lance Thomas,Small Forward
Malcolm Thomas,Power Forward
Malcolm Thomas,Power Forward
Hollis Thompson,Small Forward
Jason Thompson,Power Forward
Klay Thompson,Shooting Guard
Tristan Thompson,Power Forward
Marcus Thornton,Shooting Guard
Marcus Thornton,Shooting Guard
Jamaal Tinsley,Point Guard
Anthony Tolliver,Power Forward
P.J. Tucker,Small Forward
Ronny Turiaf,Power Forward
Hedo Turkoglu,Small Forward
Evan Turner,Small Forward
Evan Turner,Small Forward
Jeremy Tyler,Center
Ekpe Udoh,Power Forward
Beno Udrih,Shooting Guard
Beno Udrih,Shooting Guard
Jonas Valanciunas,Center
Anderson Varejao,Center
Jarvis Varnado,Power Forward
Greivis Vasquez,Point Guard
Greivis Vasquez,Shooting Guard
Jan Vesely,Power Forward
Jan Vesely,Power Forward
Charlie Villanueva,Power Forward
Nikola Vucevic,Center
Sasha Vujacic,Shooting Guard
Dwyane Wade,Shooting Guard
Dion Waiters,Shooting Guard
Kemba Walker,Point Guard
John Wall,Point Guard
Gerald Wallace,Small Forward
Casper Ware,Point Guard
C.J. Watson,Point Guard
Earl Watson,Point Guard
Martell Webster,Small Forward
David West,Power Forward
Russell Westbrook,Point Guard
D.J. White,Power Forward
Deron Williams,Point Guard
Derrick Williams,Power Forward
Derrick Williams,Small Forward
Elliot Williams,Shooting Guard
Louis Williams,Point Guard
Marvin Williams,Power Forward
Mo Williams,Point Guard
Reggie Williams,Small Forward
Shawne Williams,Power Forward
Jeff Withey,Center
Nate Wolters,Point Guard
Metta World Peace,Small Forward
Brandan Wright,Center
Chris Wright,Small Forward
Dorell Wright,Small Forward
Tony Wroten,Shooting Guard
Nick Young,Shooting Guard
Thaddeus Young,Power Forward
Cody Zeller,Center
Tyler Zeller,Center
A.J. Price,Point Guard
A.J. Price,Point Guard
A.J. Price,Point Guard
Aaron Brooks,Point Guard
Aaron Gordon,Power Forward
Adreian Payne,Power Forward
Adreian Payne,Power Forward
Al Horford,Center
Al Jefferson,Center
Alan Anderson,Shooting Guard
Alec Burks,Shooting Guard
Alex Len,Center
Alexey Shved,Shooting Guard
Alexey Shved,Shooting Guard
Alexey Shved,Shooting Guard
Alexis Ajinca,Center
Al-Farouq Aminu,Small Forward
Allen Crabbe,Shooting Guard
Alonzo Gee,Small Forward
Alonzo Gee,Small Forward
Amar’e Stoudemire,Power Forward
Amar’e Stoudemire,Power Forward
Amir Johnson,Power Forward
Anderson Varejao,Center
Andre Dawkins,Shooting Guard
Andre Drummond,Center
Andre Iguodala,Shooting Guard
Andre Miller,Point Guard
Andre Miller,Point Guard
Andre Roberson,Shooting Guard
Andrea Bargnani,Center
Andrei Kirilenko,Small Forward
Andrew Bogut,Center
Andrew Nicholson,Power Forward
Andrew Wiggins,Shooting Guard
Anthony Bennett,Power Forward
Anthony Davis,Power Forward
Anthony Morrow,Shooting Guard
Anthony Tolliver,Power Forward
Anthony Tolliver,Power Forward
Archie Goodwin,Shooting Guard
Arinze Onuaku,Center
Aron Baynes,Center
Arron Afflalo,Shooting Guard
Arron Afflalo,Shooting Guard
Austin Daye,Small Forward
Austin Daye,Small Forward
Austin Rivers,Point Guard
Austin Rivers,Point Guard
Avery Bradley,Shooting Guard
Ben Gordon,Shooting Guard
Ben McLemore,Shooting Guard
Beno Udrih,Point Guard
Bernard James,Center
Bismack Biyombo,Center
Blake Griffin,Power Forward
Bojan Bogdanovic,Small Forward
Boris Diaw,Power Forward
Bradley Beal,Shooting Guard
Brandan Wright,Power Forward
Brandan Wright,Power Forward
Brandan Wright,Power Forward
Brandon Bass,Power Forward
Brandon Davies,Power Forward
Brandon Davies,Power Forward
Brandon Jennings,Point Guard
Brandon Knight,Point Guard
Brandon Knight,Point Guard
Brandon Rush,Shooting Guard
Brendan Haywood,Center
Brian Roberts,Point Guard
Brook Lopez,Center
Bryce Cotton,Point Guard
Carl Landry,Power Forward
Carlos Boozer,Power Forward
Carmelo Anthony,Small Forward
Caron Butler,Small Forward
Cartier Martin,Small Forward
Chandler Parsons,Small Forward
Channing Frye,Power Forward
Charles Hayes,Center
Charlie Villanueva,Power Forward
Chase Budinger,Small Forward
Chris Andersen,Center
Chris Bosh,Center
Chris Copeland,Small Forward
Chris Douglas-Roberts,Shooting Guard
Chris Johnson,Small Forward
Chris Johnson,Small Forward
Chris Johnson,Small Forward
Chris Kaman,Center
Chris Paul,Point Guard
CJ McCollum,Shooting Guard
CJ Miles,Shooting Guard
CJ Watson,Point Guard
Cleanthony Early,Small Forward
Clint Capela,Center
Cody Zeller,Center
Cole Aldrich,Center
Corey Brewer,Small Forward
Corey Brewer,Small Forward
Cory Jefferson,Power Forward
Cory Joseph,Point Guard
Courtney Lee,Shooting Guard
D.J. Augustin,Point Guard
D.J. Augustin,Point Guard
Damian Lillard,Point Guard
Damjan Rudez,Small Forward
Danilo Gallinari,Small Forward
Danny Granger,Small Forward
Danny Green,Shooting Guard
Dante Cunningham,Power Forward
Dante Exum,Point Guard
Darius Miller,Small Forward
Darius Morris,Point Guard
Darrell Arthur,Power Forward
Darren Collison,Point Guard
David Lee,Power Forward
David Stockton,Point Guard
David West,Power Forward
DeAndre Jordan,Center
DeJuan Blair,Power Forward
DeMar DeRozan,Shooting Guard
DeMarcus Cousins,Center
DeMarre Carroll,Small Forward
Dennis Schroder,Point Guard
Deron Williams,Point Guard
Derrick Favors,Power Forward
Derrick Rose,Point Guard
Derrick Williams,Power Forward
Devin Harris,Point Guard
Devyn Marble,Shooting Guard
Dewayne Dedmon,Center
Dion Waiters,Shooting Guard
Dion Waiters,Shooting Guard
Dirk Nowitzki,Power Forward
Donald Sloan,Point Guard
Donatas Motiejunas,Power Forward
Dorell Wright,Small Forward
Doug McDermott,Small Forward
Draymond Green,Small Forward
Drew Gooden,Power Forward
Drew Gordon,Center
Dwight Buycks,Point Guard
Dwight Howard,Center
Dwight Powell,Power Forward
Dwyane Wade,Shooting Guard
Earl Barron,Center
Earl Clark,Power Forward
Ed Davis,Power Forward
Elfrid Payton,Point Guard
Elijah Millsap,Shooting Guard
Elliot Williams,Shooting Guard
Elliot Williams,Shooting Guard
Elton Brand,Power Forward
Enes Kanter,Center
Enes Kanter,Center
Eric Bledsoe,Point Guard
Eric Gordon,Shooting Guard
Erick Green,Point Guard
Ersan Ilyasova,Power Forward
E’Twaun Moore,Shooting Guard
Evan Fournier,Shooting Guard
Evan Turner,Shooting Guard
Festus Ezeli,Center
Francisco Garcia,Small Forward
Furkan Aldemir,Power Forward
Gal Mekel,Point Guard
Garrett Temple,Shooting Guard
Gary Harris,Shooting Guard
Gary Neal,Shooting Guard
Gary Neal,Shooting Guard
George Hill,Point Guard
Gerald Green,Shooting Guard
Gerald Henderson,Shooting Guard
Gerald Wallace,Small Forward
Giannis Antetokounmpo,Shooting Guard
Gigi Datome,Small Forward
Gigi Datome,Small Forward
Glen Davis,Power Forward
Glen Rice Jr.,Shooting Guard
Glenn Robinson,Shooting Guard
Goran Dragic,Shooting Guard
Goran Dragic,Shooting Guard
Gordon Hayward,Small Forward
Gorgui Dieng,Center
Grant Jerrett,Power Forward
Grant Jerrett,Power Forward
Greg Monroe,Power Forward
Greg Smith,Power Forward
Greivis Vasquez,Point Guard
Harrison Barnes,Small Forward
Hassan Whiteside,Center
Hedo Turkoglu,Small Forward
Henry Sims,Center
Henry Walker,Small Forward
Hollis Thompson,Shooting Guard
Ian Clark,Shooting Guard
Ian Mahinmi,Center
Iman Shumpert,Shooting Guard
Iman Shumpert,Shooting Guard
Isaiah Canaan,Point Guard
Isaiah Canaan,Point Guard
Isaiah Thomas,Point Guard
Isaiah Thomas,Point Guard
Ish Smith,Point Guard
Ish Smith,Point Guard
J.R. Smith,Shooting Guard
J.R. Smith,Shooting Guard
Jabari Brown,Shooting Guard
Jabari Parker,Small Forward
Jack Cooley,Power Forward
Jae Crowder,Small Forward
Jae Crowder,Small Forward
JaKarr Sampson,Small Forward
Jamal Crawford,Shooting Guard
Jameer Nelson,Point Guard
Jameer Nelson,Point Guard
Jameer Nelson,Point Guard
James Ennis,Small Forward
James Harden,Shooting Guard
James Johnson,Power Forward
James Jones,Small Forward
James Michael McAdoo,Power Forward
James Young,Shooting Guard
JaMychal Green,Power Forward
JaMychal Green,Power Forward
Jannero Pargo,Point Guard
Jared Dudley,Shooting Guard
Jared Sullinger,Power Forward
Jarnell Stokes,Power Forward
Jarrett Jack,Point Guard
Jason Maxiell,Power Forward
Jason Richardson,Shooting Guard
Jason Smith,Center
Jason Terry,Shooting Guard
Jason Thompson,Power Forward
JaVale McGee,Center
JaVale McGee,Center
Jeff Adrien,Power Forward
Jeff Ayres,Power Forward
Jeff Green,Small Forward
Jeff Green,Small Forward
Jeff Taylor,Small Forward
Jeff Teague,Point Guard
Jeff Withey,Center
Jerami Grant,Small Forward
Jerel McNeal,Point Guard
Jeremy Evans,Small Forward
Jeremy Lamb,Shooting Guard
Jeremy Lin,Point Guard
Jerome Jordan,Center
Jerryd Bayless,Point Guard
Jimmer Fredette,Point Guard
Jimmy Butler,Shooting Guard
JJ Hickson,Center
JJ Redick,Shooting Guard
Joakim Noah,Center
Jodie Meeks,Shooting Guard
Joe Harris,Shooting Guard
Joe Ingles,Small Forward
Joe Johnson,Shooting Guard
Joel Anthony,Center
Joel Freeland,Center
Joey Dorsey,Power Forward
Joffrey Lauvergne,Center
John Henson,Center
John Jenkins,Shooting Guard
John Lucas III,Point Guard
John Salmons,Small Forward
John Wall,Point Guard
johnny o\'bryant,Power Forward
Johnny O’Bryant,Power Forward
Jon Leuer,Power Forward
Jonas Jerebko,Power Forward
Jonas Jerebko,Power Forward
Jonas Valanciunas,Center
Jordan Adams,Shooting Guard
Jordan Clarkson,Point Guard
Jordan Farmar,Point Guard
Jordan Hamilton,Small Forward
Jordan Hill,Center
Jorge Gutierrez,Point Guard
Jose Calderon,Point Guard
Jose Juan Barea,Point Guard
Josh McRoberts,Power Forward
Josh Smith,Power Forward
Josh Smith,Power Forward
Jrue Holiday,Point Guard
Julius Randle,Power Forward
Justin Hamilton,Center
Justin Hamilton,Center
Justin Holiday,Shooting Guard
Jusuf Nurkic,Center
Kalin Lucas,Point Guard
Kawhi Leonard,Small Forward
Kelly Olynyk,Center
Kemba Walker,Point Guard
Kendall Marshall,Point Guard
Kendrick Perkins,Center
Kendrick Perkins,Center
Kenneth Faried,Power Forward
Kent Bazemore,Shooting Guard
Kentavious Caldwell-Pope,Shooting Guard
Kenyon Martin,Power Forward
Kevin Durant,Small Forward
Kevin Garnett,Power Forward
Kevin Garnett,Power Forward
Kevin Love,Power Forward
Kevin Martin,Shooting Guard
Kevin Seraphin,Center
Khris Middleton,Power Forward
Kirk Hinrich,Shooting Guard
KJ McDaniels,Shooting Guard
Klay Thompson,Shooting Guard
Kobe Bryant,Shooting Guard
Kosta Koufos,Center
Kostas Papanikolaou,Small Forward
Kris Humphries,Power Forward
Kyle Anderson,Small Forward
Kyle Korver,Shooting Guard
Kyle Lowry,Point Guard
Kyle O’Quinn,Power Forward
Kyle Singler,Small Forward
Kyle Singler,Small Forward
Kyrie Irving,Point Guard
LaMarcus Aldridge,Power Forward
Lance Stephenson,Shooting Guard
Lance Thomas,Power Forward
Lance Thomas,Power Forward
Landry Fields,Small Forward
Langston Galloway,Point Guard
Larry Drew,Point Guard
Larry Sanders,Center
Lavoy Allen,Power Forward
Leandro Barbosa,Shooting Guard
LeBron James,Small Forward
Lester Hudson,Shooting Guard
Lorenzo Brown,Point Guard
Lou Amundson,Power Forward
Lou Amundson,Power Forward
Lou Williams,Shooting Guard
Luc Mbah a Moute,Power Forward
Luis Scola,Power Forward
Luke Babbitt,Small Forward
Luke Ridnour,Point Guard
Luol Deng,Small Forward
Malcolm Thomas,Power Forward
Manu Ginobili,Shooting Guard
Marc Gasol,Center
Marcin Gortat,Center
Marco Belinelli,Shooting Guard
Marcus Morris,Power Forward
Marcus Smart,Point Guard
Marcus Thornton,Shooting Guard
Marcus Thornton,Shooting Guard
Mario Chalmers,Point Guard
Markel Brown,Shooting Guard
Markieff Morris,Power Forward
Marreese Speights,Power Forward
Martell Webster,Small Forward
Marvin Williams,Power Forward
Mason Plumlee,Center
Matt Barnes,Small Forward
Matt Bonner,Power Forward
Matthew Dellavedova,Shooting Guard
Maurice Harkless,Small Forward
Meyers Leonard,Center
Michael Beasley,Small Forward
Michael Carter-Williams,Point Guard
Michael Carter-Williams,Point Guard
Michael Kidd-Gilchrist,Small Forward
Mike Conley,Point Guard
Mike Dunleavy,Small Forward
Mike Miller,Small Forward
Mike Muscala,Power Forward
Mike Scott,Power Forward
Miles Plumlee,Center
Miles Plumlee,Center
Mirza Teletovic,Power Forward
Mitch McGary,Power Forward
Mo Williams,Point Guard
Mo Williams,Point Guard
Monta Ellis,Shooting Guard
Nate Robinson,Point Guard
Nate Robinson,Point Guard
Nate Wolters,Point Guard
Nate Wolters,Point Guard
Nazr Mohammed,Center
Nene,Power Forward
Nerlens Noel,Power Forward
Nick Calathes,Shooting Guard
Nick Collison,Power Forward
Nick Johnson,Shooting Guard
Nick Young,Shooting Guard
Nicolas Batum,Small Forward
Nik Stauskas,Shooting Guard
Nikola Mirotic,Power Forward
Nikola Pekovic,Center
Nikola Vucevic,Center
Noah Vonleh,Power Forward
Norris Cole,Point Guard
Norris Cole,Point Guard
oj mayo,Shooting Guard
O.J. Mayo,Shooting Guard
Omer Asik,Center
Omri Casspi,Small Forward
Otto Porter,Small Forward
Pablo Prigioni,Point Guard
Pablo Prigioni,Point Guard
Patrick Beverley,Point Guard
Patrick Christopher,Shooting Guard
Patrick Patterson,Power Forward
Patty Mills,Point Guard
Pau Gasol,Power Forward
Paul George,Small Forward
Paul Millsap,Power Forward
Paul Pierce,Small Forward
Pero Antic,Power Forward
Perry Jones,Small Forward
Phil Pressey,Point Guard
PJ Hairston,Shooting Guard
PJ Tucker,Small Forward
Quincy Acy,Power Forward
Quincy Miller,Power Forward
Quincy Miller,Power Forward
Quincy Pondexter,Small Forward
Quincy Pondexter,Small Forward
Rajon Rondo,Point Guard
Rajon Rondo,Point Guard
Ramon Sessions,Point Guard
Ramon Sessions,Point Guard
Randy Foye,Shooting Guard
Rasual Butler,Small Forward
Ray McCallum,Point Guard
Raymond Felton,Point Guard
Reggie Bullock,Small Forward
Reggie Bullock,Small Forward
Reggie Evans,Power Forward
Reggie Jackson,Point Guard
Reggie Jackson,Point Guard
Reggie Williams,Small Forward
Richard Jefferson,Small Forward
Ricky Ledo,Shooting Guard
Ricky Rubio,Point Guard
Robbie Hummel,Small Forward
Robert Covington,Small Forward
Robert Sacre,Center
Robin Lopez,Center
Rodney Hood,Shooting Guard
Rodney Stuckey,Point Guard
Ronnie Price,Point Guard
Ronny Turiaf,Center
Roy Hibbert,Center
Rudy Gay,Small Forward
Rudy Gobert,Center
Russ Smith,Point Guard
Russell Westbrook,Point Guard
Ryan Anderson,Power Forward
Ryan Hollins,Center
Ryan Kelly,Power Forward
Samuel Dalembert,Center
Sean Kilpatrick,Shooting Guard
Sebastian Telfair,Point Guard
Serge Ibaka,Power Forward
Sergey Karasev,Shooting Guard
Shabazz Muhammad,Shooting Guard
Shabazz Napier,Point Guard
Shane Larkin,Point Guard
Shannon Brown,Shooting Guard
Shaun Livingston,Point Guard
Shavlik Randolph,Power Forward
Shavlik Randolph,Power Forward
Shawn Marion,Small Forward
Shawne Williams,Small Forward
Shawne Williams,Small Forward
Shayne Whittington,Power Forward
Shelvin Mack,Point Guard
Solomon Hill,Small Forward
Spencer Dinwiddie,Point Guard
Spencer Hawes,Power Forward
Stephen Curry,Point Guard
Steve Blake,Point Guard
Steve Novak,Small Forward
Steve Novak,Small Forward
Steven Adams,Center
Taj Gibson,Power Forward
Tarik Black,Center
Tarik Black,Center
Tayshaun Prince,Small Forward
Tayshaun Prince,Small Forward
Tayshaun Prince,Small Forward
Terrence Jones,Power Forward
Terrence Ross,Small Forward
Thabo Sefolosha,Small Forward
Thaddeus Young,Power Forward
Thaddeus Young,Power Forward
Thomas Robinson,Power Forward
Thomas Robinson,Power Forward
Tiago Splitter,Center
Tim Duncan,Power Forward
Tim Frazier,Point Guard
Tim Frazier,Point Guard
Tim Hardaway Jr.,Shooting Guard
Timofey Mozgov,Center
Timofey Mozgov,Center
TJ Warren,Small Forward
Tobias Harris,Small Forward
Toney Douglas,Point Guard
Tony Allen,Shooting Guard
Tony Parker,Point Guard
Tony Snell,Small Forward
Tony Wroten,Shooting Guard
Travis Wear,Small Forward
Trevor Ariza,Small Forward
Trevor Booker,Power Forward
Trey Burke,Point Guard
Tristan Thompson,Power Forward
Troy Daniels,Shooting Guard
Troy Daniels,Shooting Guard
Troy Daniels,Shooting Guard
Ty Lawson,Point Guard
Tyler Ennis,Point Guard
Tyler Ennis,Point Guard
Tyler Hansbrough,Power Forward
Tyler Johnson,Shooting Guard
Tyler Zeller,Center
Tyreke Evans,Small Forward
Tyson Chandler,Center
Udonis Haslem,Power Forward
Vander Blue,Shooting Guard
Victor Claver,Small Forward
Victor Oladipo,Point Guard
Vince Carter,Shooting Guard
Wayne Ellington,Shooting Guard
Wesley Johnson,Small Forward
Wesley Matthews,Shooting Guard
Will Barton,Shooting Guard
Will Barton,Shooting Guard
Will Bynum,Shooting Guard
Will Cherry,Point Guard
Willie Green,Shooting Guard
Wilson Chandler,Small Forward
Xavier Henry,Small Forward
Zach LaVine,Point Guard
Zach Randolph,Power Forward
Zaza Pachulia,Center
Zoran Dragic,Shooting Guard
Aaron Brooks,Point Guard
Aaron Gordon,Power Forward
Adreian Payne,Power Forward
Al Horford,Center
Al Jefferson,Center
Alan Anderson,Shooting Guard
Alan Williams,Power Forward
Alec Burks,Shooting Guard
Alex Len,Center
Alex Stepheson,Power Forward
Alexis Ajinca,Center
Al-Farouq Aminu,Small Forward
Allen Crabbe,Shooting Guard
Alonzo Gee,Small Forward
Amar’e Stoudemire,Center
Amir Johnson,Power Forward
Anderson Varejao,Center
Anderson Varejao,Center
Andre Drummond,Center
Andre Iguodala,Shooting Guard
Andre Miller,Point Guard
Andre Miller,Point Guard
Andre Roberson,Shooting Guard
Andrea Bargnani,Center
Andrew Bogut,Center
Andrew Goudelock,Point Guard
Andrew Nicholson,Power Forward
Andrew Wiggins,Shooting Guard
Anthony Brown,Small Forward
Anthony Davis,Power Forward
Anthony Morrow,Shooting Guard
Anthony Tolliver,Power Forward
Archie Goodwin,Shooting Guard
Aron Baynes,Center
Arron Afflalo,Shooting Guard
Austin Rivers,Shooting Guard
Avery Bradley,Shooting Guard
Axel Toupane,Small Forward
Ben McLemore,Shooting Guard
Beno Udrih,Point Guard
Beno Udrih,Point Guard
Bismack Biyombo,Center
Blake Griffin,Power Forward
Boban Marjanovic,Center
Bobby Portis,Power Forward
Bojan Bogdanovic,Small Forward
Boris Diaw,Power Forward
Bradley Beal,Shooting Guard
Brandan Wright,Power Forward
Brandon Bass,Power Forward
Brandon Jennings,Point Guard
Brandon Jennings,Point Guard
Brandon Knight,Shooting Guard
Brandon Rush,Shooting Guard
Brian Roberts,Point Guard
Brian Roberts,Point Guard
Briante Weber,Point Guard
Brook Lopez,Center
Bruno Caboclo,Small Forward
Bryce Cotton,Point Guard
Bryce Dejean-Jones,Shooting Guard
Cameron Bairstow,Center
Cameron Payne,Point Guard
Carl Landry,Power Forward
Carmelo Anthony,Small Forward
Caron Butler,Small Forward
Chandler Parsons,Small Forward
Channing Frye,Center
Channing Frye,Center
Charles Hayes,Center
Charlie Villanueva,Power Forward
Chase Budinger,Small Forward
Chase Budinger,Small Forward
Chris Andersen,Center
Chris Andersen,Center
Chris Bosh,Power Forward
Chris Copeland,Power Forward
Chris Johnson,Small Forward
Chris Kaman,Center
Chris McCullough,Power Forward
Chris Paul,Point Guard
Christian Wood,Power Forward
CJ McCollum,Shooting Guard
CJ Miles,Small Forward
CJ Watson,Point Guard
CJ Wilcox,Shooting Guard
Cleanthony Early,Small Forward
Clint Capela,Center
Cody Zeller,Center
Cole Aldrich,Center
Corey Brewer,Small Forward
Cory Jefferson,Power Forward
Cory Joseph,Point Guard
Courtney Lee,Shooting Guard
Courtney Lee,Shooting Guard
Cristiano Felicio,Center
D.J. Augustin,Point Guard
D.J. Augustin,Point Guard
Damian Lillard,Point Guard
Damien Inglis,Small Forward
Damjan Rudez,Small Forward
D’Angelo Russell,Point Guard
Danilo Gallinari,Small Forward
Danny Green,Shooting Guard
Dante Cunningham,Small Forward
Darrell Arthur,Power Forward
Darren Collison,Point Guard
Darrun Hilliard,Small Forward
David Lee,Power Forward
David Lee,Power Forward
David West,Power Forward
DeAndre Jordan,Center
DeJuan Blair,Center
Delon Wright,Point Guard
DeMar DeRozan,Shooting Guard
DeMarcus Cousins,Center
DeMarre Carroll,Small Forward
Dennis Schroder,Point Guard
Deron Williams,Point Guard
Derrick Favors,Power Forward
Derrick Rose,Point Guard
Derrick Williams,Power Forward
Devin Booker,Shooting Guard
Devin Harris,Point Guard
Devyn Marble,Shooting Guard
Dewayne Dedmon,Center
Dion Waiters,Shooting Guard
Dirk Nowitzki,Power Forward
Donald Sloan,Point Guard
Donatas Motiejunas,Power Forward
Doug McDermott,Small Forward
Draymond Green,Power Forward
Drew Gooden,Power Forward
Dwight Howard,Center
Dwight Powell,Power Forward
Dwyane Wade,Shooting Guard
Ed Davis,Power Forward
Elfrid Payton,Point Guard
Elijah Millsap,Shooting Guard
Elliot Williams,Point Guard
Elton Brand,Power Forward
Emmanuel Mudiay,Point Guard
Enes Kanter,Center
Eric Bledsoe,Point Guard
Eric Gordon,Shooting Guard
Eric Moreland,Power Forward
Erick Green,Point Guard
Ersan Ilyasova,Power Forward
Ersan Ilyasova,Power Forward
E’Twaun Moore,Shooting Guard
Evan Fournier,Small Forward
Evan Turner,Shooting Guard
Festus Ezeli,Center
Frank Kaminsky,Center
Garrett Temple,Small Forward
Gary Harris,Shooting Guard
Gary Neal,Shooting Guard
George Hill,Point Guard
Gerald Green,Shooting Guard
Gerald Henderson,Shooting Guard
Giannis Antetokounmpo,Small Forward
Glenn Robinson,Power Forward
Goran Dragic,Shooting Guard
Gordon Hayward,Small Forward
Gorgui Dieng,Center
Greg Monroe,Center
Greg Smith,Power Forward
Greivis Vasquez,Point Guard
Harrison Barnes,Small Forward
Hassan Whiteside,Center
Henry Sims,Center
Hollis Thompson,Shooting Guard
Ian Clark,Shooting Guard
Ian Mahinmi,Center
Iman Shumpert,Shooting Guard
Isaiah Canaan,Point Guard
Isaiah Thomas,Point Guard
Ish Smith,Point Guard
Ish Smith,Point Guard
J.R. Smith,Shooting Guard
Jabari Parker,Power Forward
Jae Crowder,Small Forward
Jahlil Okafor,Center
JaKarr Sampson,Small Forward
JaKarr Sampson,Small Forward
Jamal Crawford,Shooting Guard
Jameer Nelson,Point Guard
James Anderson,Shooting Guard
James Ennis,Small Forward
James Harden,Shooting Guard
James Johnson,Power Forward
James Jones,Small Forward
James Michael McAdoo,Power Forward
James Young,Shooting Guard
JaMychal Green,Power Forward
Jared Cunningham,Shooting Guard
Jared Cunningham,Shooting Guard
Jared Dudley,Power Forward
Jared Sullinger,Power Forward
Jarell Eddie,Small Forward
Jarell Martin,Power Forward
Jarrett Jack,Point Guard
Jason Smith,Center
Jason Terry,Shooting Guard
Jason Thompson,Center
Jason Thompson,Center
JaVale McGee,Center
Jeff Ayres,Center
Jeff Green,Small Forward
Jeff Green,Small Forward
Jeff Teague,Point Guard
Jeff Withey,Center
Jerami Grant,Small Forward
Jeremy Evans,Small Forward
Jeremy Lamb,Shooting Guard
Jeremy Lin,Point Guard
Jerian Grant,Point Guard
Jerryd Bayless,Shooting Guard
Jimmy Butler,Shooting Guard
JJ Hickson,Center
JJ Hickson,Center
JJ Redick,Shooting Guard
Joakim Noah,Center
Jodie Meeks,Shooting Guard
Joe Ingles,Small Forward
Joe Johnson,Small Forward
Joe Johnson,Small Forward
Joe Young,Point Guard
Joel Anthony,Center
Joffrey Lauvergne,Center
John Henson,Center
John Jenkins,Shooting Guard
John Jenkins,Shooting Guard
John Wall,Point Guard
Johnny O’Bryant,Power Forward
Jon Leuer,Power Forward
Jonas Jerebko,Power Forward
Jonas Valanciunas,Center
Jonathon Simmons,Shooting Guard
Jordan Adams,Shooting Guard
Jordan Clarkson,Shooting Guard
Jordan Farmar,Point Guard
Jordan Hamilton,Small Forward
Jordan Hill,Power Forward
Jordan McRae,Point Guard
Jordan McRae,Point Guard
Jorge Gutierrez,Point Guard
Jose Calderon,Point Guard
Jose Juan Barea,Point Guard
Josh Huestis,Small Forward
Josh McRoberts,Power Forward
Josh Richardson,Shooting Guard
Josh Smith,Power Forward
Josh Smith,Power Forward
Jrue Holiday,Point Guard
Julius Randle,Power Forward
Justin Anderson,Shooting Guard
Justin Harper,Power Forward
Justin Holiday,Shooting Guard
Justin Holiday,Shooting Guard
Justise Winslow,Small Forward
Jusuf Nurkic,Center
Karl-Anthony Towns,Center
Kawhi Leonard,Small Forward
Keith Appling,Point Guard
Kelly Olynyk,Center
Kelly Oubre,Small Forward
Kemba Walker,Point Guard
Kendall Marshall,Point Guard
Kendrick Perkins,Center
Kenneth Faried,Power Forward
Kent Bazemore,Small Forward
Kentavious Caldwell-Pope,Shooting Guard
Kevin Durant,Small Forward
Kevin Garnett,Power Forward
Kevin Love,Power Forward
Kevin Martin,Shooting Guard
Kevin Martin,Shooting Guard
Kevin Seraphin,Center
Khris Middleton,Shooting Guard
Kirk Hinrich,Point Guard
KJ McDaniels,Shooting Guard
Klay Thompson,Shooting Guard
Kobe Bryant,Small Forward
Kosta Koufos,Power Forward
Kostas Papanikolaou,Small Forward
Kris Humphries,Power Forward
Kris Humphries,Power Forward
Kris Humphries,Power Forward
Kristaps Porzingis,Power Forward
Kyle Anderson,Small Forward
Kyle Korver,Shooting Guard
Kyle Lowry,Point Guard
Kyle O’Quinn,Power Forward
Kyle Singler,Small Forward
Kyrie Irving,Point Guard
Lamar Patterson,Shooting Guard
LaMarcus Aldridge,Power Forward
Lance Stephenson,Small Forward
Lance Stephenson,Small Forward
Lance Thomas,Small Forward
Langston Galloway,Point Guard
Larry Nance Jr.,Power Forward
Lavoy Allen,Power Forward
Leandro Barbosa,Shooting Guard
LeBron James,Small Forward
Lorenzo Brown,Point Guard
Lou Amundson,Power Forward
Lou Williams,Shooting Guard
Luc Mbah a Moute,Power Forward
Lucas Nogueira,Center
Luis Scola,Power Forward
Luke Babbitt,Small Forward
Luol Deng,Small Forward
Manu Ginobili,Shooting Guard
Marc Gasol,Center
Marcelo Huertas,Point Guard
Marcin Gortat,Center
Marco Belinelli,Shooting Guard
Marcus Morris,Small Forward
Marcus Smart,Point Guard
Marcus Thornton,Shooting Guard
Marcus Thornton,Shooting Guard
Mario Chalmers,Point Guard
Mario Chalmers,Point Guard
Mario Hezonja,Small Forward
Markel Brown,Shooting Guard
Markieff Morris,Power Forward
Markieff Morris,Power Forward
Marreese Speights,Power Forward
Marvin Williams,Power Forward
Mason Plumlee,Center
Matt Barnes,Small Forward
Matt Bonner,Center
Matthew Dellavedova,Shooting Guard
Maurice Harkless,Small Forward
Metta World Peace,Small Forward
Meyers Leonard,Power Forward
Michael Beasley,Small Forward
Michael Carter-Williams,Point Guard
Michael Kidd-Gilchrist,Small Forward
Mike Conley,Point Guard
Mike Dunleavy,Small Forward
Mike Miller,Small Forward
Mike Muscala,Power Forward
Mike Scott,Power Forward
Miles Plumlee,Center
Mirza Teletovic,Power Forward
Mo Williams,Point Guard
Monta Ellis,Shooting Guard
Montrezl Harrell,Power Forward
Myles Turner,Center
Nate Robinson,Point Guard
Nemanja Bjelica,Power Forward
Nene,Power Forward
Nerlens Noel,Power Forward
Nick Collison,Power Forward
Nick Young,Shooting Guard
Nicolas Batum,Shooting Guard
Nik Stauskas,Shooting Guard
Nikola Jokic,Center
Nikola Mirotic,Power Forward
Nikola Pekovic,Center
Nikola Vucevic,Center
Noah Vonleh,Power Forward
Norman Powell,Shooting Guard
Norris Cole,Point Guard
O.J. Mayo,Shooting Guard
Omer Asik,Center
Omri Casspi,Small Forward
Orlando Johnson,Shooting Guard
Orlando Johnson,Shooting Guard
Otto Porter,Small Forward
Pablo Prigioni,Point Guard
Patrick Beverley,Point Guard
Patrick Patterson,Power Forward
Patty Mills,Point Guard
Pau Gasol,Center
Paul George,Power Forward
Paul Millsap,Power Forward
Paul Pierce,Small Forward
Phil Pressey,Point Guard
Phil Pressey,Point Guard
PJ Hairston,Small Forward
PJ Hairston,Small Forward
PJ Tucker,Small Forward
Quincy Acy,Power Forward
Rajon Rondo,Point Guard
Ramon Sessions,Point Guard
Randy Foye,Shooting Guard
Randy Foye,Shooting Guard
Rashad Vaughn,Shooting Guard
Rasual Butler,Small Forward
Raul Neto,Point Guard
Ray McCallum,Point Guard
Ray McCallum,Point Guard
Raymond Felton,Point Guard
Reggie Bullock,Small Forward
Reggie Jackson,Point Guard
Richard Jefferson,Small Forward
Richaun Holmes,Power Forward
Ricky Rubio,Point Guard
RJ Hunter,Shooting Guard
Robert Covington,Small Forward
Robert Sacre,Center
Robin Lopez,Center
Rodney Hood,Shooting Guard
Rodney Stuckey,Point Guard
Rondae Hollis-Jefferson,Small Forward
Ronnie Price,Point Guard
Roy Hibbert,Center
Rudy Gay,Small Forward
Rudy Gobert,Center
Russell Westbrook,Point Guard
Ryan Anderson,Power Forward
Ryan Hollins,Center
Ryan Hollins,Center
Ryan Kelly,Power Forward
Salah Mejri,Center
Sasha Vujacic,Shooting Guard
Sean Kilpatrick,Shooting Guard
Sean Kilpatrick,Shooting Guard
Serge Ibaka,Power Forward
Sergey Karasev,Small Forward
Seth Curry,Point Guard
Shabazz Muhammad,Shooting Guard
Shabazz Napier,Point Guard
Shane Larkin,Point Guard
Shaun Livingston,Point Guard
Shayne Whittington,Power Forward
Shelvin Mack,Point Guard
Shelvin Mack,Point Guard
Solomon Hill,Small Forward
Sonny Weems,Shooting Guard
Spencer Dinwiddie,Point Guard
Spencer Hawes,Power Forward
Stanley Johnson,Small Forward
Stephen Curry,Point Guard
Steve Blake,Point Guard
Steve Novak,Power Forward
Steven Adams,Center
Taj Gibson,Power Forward
Tarik Black,Center
Tayshaun Prince,Small Forward
Terrence Jones,Power Forward
Terrence Ross,Small Forward
Terry Rozier,Point Guard
Thabo Sefolosha,Small Forward
Thaddeus Young,Power Forward
Thomas Robinson,Power Forward
Tiago Splitter,Center
Tibor Pleiss,Center
Tim Duncan,Center
Tim Frazier,Point Guard
Tim Frazier,Point Guard
Tim Hardaway Jr.,Shooting Guard
Timofey Mozgov,Center
TJ McConnell,Point Guard
TJ Warren,Small Forward
Tobias Harris,Power Forward
Tobias Harris,Power Forward
Toney Douglas,Point Guard
Tony Allen,Small Forward
Tony Parker,Point Guard
Tony Snell,Small Forward
Tony Wroten,Point Guard
Trevor Ariza,Small Forward
Trevor Booker,Power Forward
Trey Burke,Point Guard
Trey Lyles,Power Forward
Tristan Thompson,Power Forward
Troy Daniels,Shooting Guard
Ty Lawson,Point Guard
Ty Lawson,Point Guard
Tyler Ennis,Point Guard
Tyler Hansbrough,Power Forward
Tyler Johnson,Shooting Guard
Tyler Zeller,Center
Tyreke Evans,Point Guard
Tyson Chandler,Center
Tyus Jones,Point Guard
Udonis Haslem,Power Forward
Victor Oladipo,Shooting Guard
Vince Carter,Shooting Guard
Walter Tavares,Center
Wayne Ellington,Shooting Guard
Wesley Johnson,Small Forward
Wesley Matthews,Shooting Guard
Will Barton,Shooting Guard
Willie Cauley-Stein,Center
Willie Reed,Power Forward
Xavier Munford,Shooting Guard
Zach LaVine,Point Guard
Zach Randolph,Power Forward
Zaza Pachulia,Center
Aaron Brooks,Point Guard
Aaron Gordon,Small Forward
Adreian Payne,Power Forward
AJ Hammons,Center
Al Horford,Center
Al Jefferson,Center
Alan Anderson,Small Forward
Alan Williams,Power Forward
Alec Burks,Shooting Guard
Alex Abrines,Shooting Guard
Alex Len,Center
Alex Poythress,Small Forward
Alexis Ajinca,Center
Al-Farouq Aminu,Small Forward
Allen Crabbe,Shooting Guard
Alonzo Gee,Small Forward
Amir Johnson,Power Forward
Anderson Varejao,Center
Andre Drummond,Center
Andre Iguodala,Small Forward
Andre Roberson,Small Forward
Andrew Bogut,Center
Andrew Harrison,Shooting Guard
Andrew Nicholson,Power Forward
Andrew Nicholson,Power Forward
Andrew Wiggins,Small Forward
Anthony Bennett,Power Forward
Anthony Brown,Small Forward
Anthony Brown,Small Forward
Anthony Davis,Center
Anthony Morrow,Shooting Guard
Anthony Morrow,Shooting Guard
Anthony Tolliver,Power Forward
Archie Goodwin,Shooting Guard
Aron Baynes,Center
Arron Afflalo,Shooting Guard
Austin Rivers,Shooting Guard
Avery Bradley,Shooting Guard
Ben McLemore,Shooting Guard
Beno Udrih,Point Guard
Bismack Biyombo,Center
Blake Griffin,Power Forward
Boban Marjanovic,Center
Bobby Portis,Power Forward
Bojan Bogdanovic,Small Forward
Bojan Bogdanovic,Small Forward
Boris Diaw,Power Forward
Bradley Beal,Shooting Guard
Brandan Wright,Power Forward
Brandon Bass,Power Forward
Brandon Ingram,Small Forward
Brandon Jennings,Point Guard
Brandon Jennings,Point Guard
Brandon Knight,Shooting Guard
Brandon Rush,Shooting Guard
Brian Roberts,Point Guard
Briante Weber,Point Guard
Briante Weber,Point Guard
Brook Lopez,Center
Bryn Forbes,Shooting Guard
Buddy Hield,Shooting Guard
Buddy Hield,Shooting Guard
C.J. Watson,Point Guard
C.J. Watson,Point Guard
Cameron Payne,Point Guard
Cameron Payne,Point Guard
Caris LeVert,Small Forward
Carmelo Anthony,Small Forward
Chandler Parsons,Small Forward
Channing Frye,Center
Chasson Randle,Point Guard
Chasson Randle,Point Guard
Cheick Diallo,Power Forward
Chinanu Onuaku,Center
Chris Andersen,Center
Chris McCullough,Power Forward
Chris Paul,Point Guard
Christian Wood,Power Forward
CJ McCollum,Shooting Guard
CJ Miles,Small Forward
Clint Capela,Center
Cody Zeller,Power Forward
Cole Aldrich,Center
Corey Brewer,Small Forward
Corey Brewer,Small Forward
Cory Joseph,Shooting Guard
Courtney Lee,Shooting Guard
Cristiano Felicio,Center
D.J. Augustin,Point Guard
Damian Jones,Center
Damian Lillard,Point Guard
Damjan Rudez,Small Forward
D’Angelo Russell,Point Guard
Danilo Gallinari,Small Forward
Danny Green,Shooting Guard
Dante Cunningham,Small Forward
Dante Exum,Point Guard
Dario Saric,Power Forward
Darrell Arthur,Power Forward
Darren Collison,Point Guard
Darrun Hilliard,Shooting Guard
David Lee,Power Forward
David Nwaba,Shooting Guard
David West,Power Forward
Davis Bertans,Power Forward
DeAndre’ Bembry,Small Forward
DeAndre Jordan,Center
DeAndre Liggins,Shooting Guard
Dejounte Murray,Point Guard
Delon Wright,Point Guard
DeMar DeRozan,Shooting Guard
DeMarcus Cousins,Center
DeMarcus Cousins,Center
DeMarre Carroll,Small Forward
Dennis Schroder,Point Guard
Denzel Valentine,Shooting Guard
Deron Williams,Point Guard
Deron Williams,Point Guard
Derrick Favors,Power Forward
"Derrick Jones, Jr.",Small Forward
Derrick Rose,Point Guard
Derrick Williams,Power Forward
Derrick Williams,Power Forward
Devin Booker,Shooting Guard
Devin Harris,Point Guard
Dewayne Dedmon,Center
Deyonta Davis,Center
Dion Waiters,Shooting Guard
Dirk Nowitzki,Power Forward
Domantas Sabonis,Power Forward
Donatas Motiejunas,Power Forward
Dorian Finney-Smith,Power Forward
Doug McDermott,Small Forward
Doug McDermott,Small Forward
Dragan Bender,Power Forward
Draymond Green,Power Forward
Dwight Howard,Center
Dwight Powell,Center
Dwyane Wade,Shooting Guard
Ed Davis,Power Forward
Elfrid Payton,Point Guard
Elijah Millsap,Shooting Guard
Emmanuel Mudiay,Point Guard
Enes Kanter,Center
Eric Bledsoe,Point Guard
Eric Gordon,Shooting Guard
Ersan Ilyasova,Power Forward
Ersan Ilyasova,Power Forward
Ersan Ilyasova,Power Forward
E’Twaun Moore,Shooting Guard
Evan Fournier,Shooting Guard
Evan Turner,Shooting Guard
Frank Kaminsky,Center
Fred VanVleet,Point Guard
Garrett Temple,Shooting Guard
Gary Harris,Shooting Guard
Gary Neal,Shooting Guard
Gary Payton II,Point Guard
George Hill,Point Guard
Georgios Papagiannis,Center
Gerald Green,Shooting Guard
Gerald Henderson,Shooting Guard
Giannis Antetokounmp,Small Forward
Glenn Robinson III,Small Forward
Goran Dragic,Point Guard
Gordon Hayward,Small Forward
Gorgui Dieng,Power Forward
Greg Monroe,Center
Greivis Vasquez,Point Guard
Harrison Barnes,Power Forward
Hassan Whiteside,Center
Henry Ellenson,Power Forward
Hollis Thompson,Shooting Guard
Hollis Thompson,Shooting Guard
Ian Clark,Shooting Guard
Ian Mahinmi,Center
Iman Shumpert,Shooting Guard
Isaiah Canaan,Shooting Guard
Isaiah Taylor,Point Guard
Isaiah Thomas,Point Guard
Isaiah Whitehead,Point Guard
Ish Smith,Point Guard
Ivica Zubac,Center
J.J. Barea,Point Guard
Jabari Parker,Power Forward
Jae Crowder,Small Forward
Jahlil Okafor,Center
Jake Layman,Small Forward
Jakob Poeltl,Center
Jamal Crawford,Shooting Guard
Jamal Murray,Shooting Guard
Jameer Nelson,Point Guard
James Ennis III,Small Forward
James Harden,Point Guard
James Johnson,Power Forward
James Jones,Small Forward
James Michael McAdoo,Power Forward
JaMychal Green,Power Forward
Jared Dudley,Power Forward
Jared Sullinger,Power Forward
Jarell Eddie,Small Forward
Jarell Martin,Power Forward
Jarrett Jack,Point Guard
Jarrod Uthoff,Power Forward
Jason Smith,Center
Jason Terry,Shooting Guard
JaVale McGee,Center
Jaylen Brown,Small Forward
Jeff Green,Small Forward
Jeff Teague,Point Guard
Jeff Withey,Center
Jerami Grant,Small Forward
Jerami Grant,Small Forward
Jeremy Lamb,Shooting Guard
Jeremy Lin,Point Guard
Jerian Grant,Point Guard
Jerryd Bayless,Point Guard
Jimmy Butler,Small Forward
JJ Redick,Shooting Guard
Joakim Noah,Center
Jodie Meeks,Shooting Guard
Joe Harris,Shooting Guard
Joe Ingles,Small Forward
Joe Johnson,Small Forward
Joel Anthony,Center
Joel Embiid,Center
Joffrey Lauvergne,Center
Joffrey Lauvergne,Center
John Henson,Center
John Wall,Point Guard
Johnny O’Bryant III,Power Forward
Johnny O’Bryant III,Power Forward
Jon Leuer,Power Forward
Jonas Jerebko,Power Forward
Jonas Valanciunas,Center
Jonathan Gibson,Point Guard
Jonathon Simmons,Shooting Guard
Jordan Clarkson,Shooting Guard
Jordan Crawford,Shooting Guard
Jordan Farmar,Point Guard
Jordan Hill,Center
Jordan McRae,Shooting Guard
Jordan Mickey,Power Forward
Jose Calderon,Point Guard
Jose Calderon,Point Guard
Josh Huestis,Power Forward
Josh McRoberts,Power Forward
Josh Richardson,Shooting Guard
JR Smith,Shooting Guard
Jrue Holiday,Point Guard
Juan Hernangomez,Power Forward
Julius Randle,Power Forward
Justin Anderson,Small Forward
Justin Anderson,Small Forward
Justin Hamilton,Center
Justin Harper,Power Forward
Justin Holiday,Shooting Guard
Justise Winslow,Small Forward
Jusuf Nurkic,Center
Jusuf Nurkic,Center
Karl-Anthony Towns,Center
Kawhi Leonard,Small Forward
Kay Felder,Point Guard
Kelly Olynyk,Center
Kelly Oubre Jr.,Small Forward
Kemba Walker,Point Guard
Kenneth Faried,Power Forward
Kent Bazemore,Small Forward
Kentavious Caldwell-,Shooting Guard
Kevin Durant,Small Forward
Kevin Love,Power Forward
Kevin Seraphin,Power Forward
Kevon Looney,Center
Khris Middleton,Shooting Guard
KJ McDaniels,Small Forward
KJ McDaniels,Small Forward
Klay Thompson,Shooting Guard
Kosta Koufos,Center
Kris Dunn,Point Guard
Kris Humphries,Power Forward
Kristaps Porzingis,Power Forward
Kyle Anderson,Shooting Guard
Kyle Korver,Shooting Guard
Kyle Korver,Shooting Guard
Kyle Lowry,Point Guard
Kyle O’Quinn,Power Forward
Kyle Singler,Small Forward
Kyrie Irving,Point Guard
Lamar Patterson,Shooting Guard
LaMarcus Aldridge,Power Forward
Lance Stephenson,Shooting Guard
Lance Stephenson,Shooting Guard
Lance Stephenson,Shooting Guard
Lance Thomas,Power Forward
Langston Galloway,Point Guard
Langston Galloway,Point Guard
Larry Nance Jr.,Power Forward
Lavoy Allen,Power Forward
Leandro Barbosa,Shooting Guard
LeBron James,Small Forward
Lou Williams,Shooting Guard
Lou Williams,Shooting Guard
Luc Mbah a Moute,Power Forward
Lucas Nogueira,Center
Luis Scola,Power Forward
Luke Babbitt,Small Forward
Luol Deng,Small Forward
Malachi Richardson,Shooting Guard
Malcolm Brogdon,Shooting Guard
Malcolm Delaney,Point Guard
Malik Beasley,Shooting Guard
Manny Harris,Shooting Guard
Manu Ginobili,Shooting Guard
Marc Gasol,Center
Marcelo Huertas,Point Guard
Marcin Gortat,Center
Marco Belinelli,Shooting Guard
Marcus Georges-Hunt,Shooting Guard
Marcus Morris,Small Forward
Marcus Smart,Point Guard
Marcus Thornton,Shooting Guard
Mario Hezonja,Small Forward
Markieff Morris,Power Forward
Marquese Chriss,Power Forward
Marreese Speights,Center
Marshall Plumlee,Center
Marvin Williams,Power Forward
Mason Plumlee,Center
Mason Plumlee,Center
Matt Barnes,Small Forward
Matt Barnes,Small Forward
Matthew Dellavedova,Point Guard
Maurice Harkless,Small Forward
Maurice Ndour,Power Forward
Metta World Peace,Small Forward
Meyers Leonard,Power Forward
Michael Beasley,Power Forward
Michael Carter-Willi,Point Guard
Michael Kidd-Gilchri,Small Forward
Mike Conley,Point Guard
Mike Dunleavy,Small Forward
Mike Dunleavy,Small Forward
Mike Miller,Small Forward
Mike Muscala,Center
Mike Scott,Power Forward
Mike Tobey,Center
Miles Plumlee,Center
Miles Plumlee,Center
Mindaugas Kuzminskas,Small Forward
Mirza Teletovic,Power Forward
Monta Ellis,Shooting Guard
Montrezl Harrell,Power Forward
Myles Turner,Center
Nemanja Bjelica,Power Forward
Nene,Center
Nerlens Noel,Center
Nerlens Noel,Center
Nick Collison,Power Forward
Nick Young,Shooting Guard
Nicolas Batum,Shooting Guard
Nicolas Brussino,Small Forward
Nicolas Laprovittola,Point Guard
Nik Stauskas,Shooting Guard
Nikola Jokic,Center
Nikola Mirotic,Power Forward
Nikola Vucevic,Center
Noah Vonleh,Power Forward
Norris Cole,Point Guard
Okaro White,Power Forward
Omer Asik,Center
Omri Casspi,Small Forward
Omri Casspi,Small Forward
Omri Casspi,Small Forward
Otto Porter Jr.,Small Forward
Pascal Siakam,Power Forward
Pat Connaughton,Shooting Guard
Patricio Garino,Shooting Guard
Patrick Beverley,Shooting Guard
Patrick McCaw,Shooting Guard
Patrick Patterson,Power Forward
Patty Mills,Point Guard
Pau Gasol,Center
Paul George,Small Forward
Paul Millsap,Power Forward
Paul Pierce,Small Forward
Paul Zipser,Small Forward
PJ Tucker,Small Forward
PJ Tucker,Small Forward
Quincy Acy,Power Forward
Quincy Acy,Power Forward
Quinn Cook,Point Guard
Quinn Cook,Point Guard
Rajon Rondo,Point Guard
Rakeem Christmas,Power Forward
Ramon Sessions,Point Guard
Randy Foye,Shooting Guard
Rashad Vaughn,Shooting Guard
Raul Neto,Point Guard
Raymond Felton,Point Guard
Reggie Bullock,Small Forward
Reggie Jackson,Point Guard
Reggie Williams,Small Forward
Richard Jefferson,Small Forward
Richaun Holmes,Center
Ricky Rubio,Point Guard
Robert Covington,Small Forward
Robin Lopez,Center
Rodney Hood,Shooting Guard
Rodney McGruder,Shooting Guard
Rodney Stuckey,Point Guard
Ron Baker,Shooting Guard
Rondae Hollis-Jeffer,Small Forward
Ronnie Price,Point Guard
Roy Hibbert,Center
Rudy Gay,Small Forward
Rudy Gobert,Center
Russell Westbrook,Point Guard
Ryan Anderson,Power Forward
Ryan Kelly,Power Forward
Salah Mejri,Center
Sam Dekker,Small Forward
Sasha Vujacic,Shooting Guard
Sean Kilpatrick,Shooting Guard
Semaj Christon,Point Guard
Serge Ibaka,Power Forward
Serge Ibaka,Power Forward
Sergio Rodriguez,Point Guard
Seth Curry,Point Guard
Shabazz Muhammad,Small Forward
Shabazz Napier,Point Guard
Shaun Livingston,Point Guard
Shawn Long,Center
Sheldon McClellan,Shooting Guard
Shelvin Mack,Point Guard
Skal Labissiere,Power Forward
Solomon Hill,Small Forward
Spencer Dinwiddie,Point Guard
Spencer Hawes,Power Forward
Spencer Hawes,Power Forward
Stanley Johnson,Small Forward
Stephen Curry,Point Guard
Stephen Zimmerman,Center
Steven Adams,Center
T.J. McConnell,Point Guard
Taj Gibson,Power Forward
Taj Gibson,Power Forward
Taurean Prince,Small Forward
Terrence Jones,Power Forward
Terrence Ross,Small Forward
Terry Rozier,Point Guard
Thabo Sefolosha,Small Forward
Thaddeus Young,Power Forward
Thomas Robinson,Power Forward
Thon Maker,Power Forward
Tiago Splitter,Center
Tim Frazier,Point Guard
Tim Hardaway Jr.,Shooting Guard
Tim Quarterman,Shooting Guard
Timofey Mozgov,Center
Timothe Luwawu-Cabar,Small Forward
TJ Warren,Small Forward
Tobias Harris,Power Forward
Tomas Satoransky,Shooting Guard
Toney Douglas,Point Guard
Tony Allen,Shooting Guard
Tony Parker,Point Guard
Tony Snell,Shooting Guard
Treveon Graham,Shooting Guard
Trevor Ariza,Small Forward
Trevor Booker,Power Forward
Trey Burke,Point Guard
Trey Lyles,Power Forward
Tristan Thompson,Center
Troy Daniels,Shooting Guard
Troy Williams,Small Forward
Troy Williams,Small Forward
Ty Lawson,Point Guard
Tyler Ennis,Point Guard
Tyler Ennis,Point Guard
Tyler Johnson,Point Guard
Tyler Ulis,Point Guard
Tyler Zeller,Center
Tyreke Evans,Shooting Guard
Tyreke Evans,Shooting Guard
Tyson Chandler,Center
Udonis Haslem,Center
Victor Oladipo,Shooting Guard
Vince Carter,Shooting Guard
Wade Baldwin IV,Point Guard
Wayne Ellington,Shooting Guard
Wayne Selden,Shooting Guard
Wayne Selden,Shooting Guard
Wesley Johnson,Small Forward
Wesley Matthews,Shooting Guard
Will Barton,Shooting Guard
Willie Cauley-Stein,Center
Willie Reed,Center
Willy Hernangomez,Center
Wilson Chandler,Small Forward
Yogi Ferrell,Point Guard
Yogi Ferrell,Point Guard
Zach LaVine,Shooting Guard
Zach Randolph,Power Forward
Zaza Pachulia,Center
Axel Toupane,Small Forward
Aaron Brooks,Point Guard
Abdel Nader,Small Forward
Al Horford,Center
Alec Burks,Shooting Guard
Alex Abrines,Shooting Guard
Al-Farouq Aminu,Small Forward
Amir Johnson,Power Forward
Andre Iguodala,Small Forward
Andrew Wiggins,Small Forward
Ante Zizic,Power Forward
Anthony Davis,Power Forward
Aron Baynes,Center
Bam Adebayo,Power Forward
Ben Simmons,Point Guard
Bojan Bogdanovic,Small Forward
Bradley Beal,Shooting Guard
Brandon Jennings,Point Guard
Brandon Paul,Shooting Guard
Bryn Forbes,Shooting Guard
Caleb Swanigan,Power Forward
Carmelo Anthony,Small Forward
Cedi Osman,Small Forward
Cheick Diallo,Power Forward
Chinanu Onuaku,Power Forward
Chris Paul,Point Guard
CJ McCollum,Shooting Guard
CJ Miles,Small Forward
Clint Capela,Center
Corey Brewer,Small Forward
Cory Joseph,Shooting Guard
Dakari Johnson,Center
Damian Jones,Center
Damian Lillard,Point Guard
Danny Green,Shooting Guard
Dante Exum,Point Guard
Dario Saric,Power Forward
Darius Miller,Small Forward
Darren Collison,Point Guard
David West,Power Forward
Davis Bertans,Power Forward
DeAndre Liggins,Shooting Guard
Dejounte Murray,Point Guard
Delon Wright,Point Guard
DeMar DeRozan,Shooting Guard
Derrick Favors,Power Forward
Derrick Rose,Point Guard
Derrick White,Point Guard
Domantas Sabonis,Power Forward
Donovan Mitchell,Shooting Guard
Draymond Green,Power Forward
Dwyane Wade,Shooting Guard
Ed Davis,Power Forward
Ekpe Udoh,Power Forward
Emeka Okafor,Center
Eric Bledsoe,Point Guard
Eric Gordon,Shooting Guard
Ersan Ilyasova,Point Guard
E'Twaun Moore,Shooting Guard
Evan Turner,Shooting Guard
Fred VanVleet,Point Guard
Furkan Korkmaz,Shooting Guard
George Hill,Point Guard
Gerald Green,Shooting Guard
Giannis Antetokounmpo,Power Forward
Glenn Robinson III,Shooting Guard
Goran Dragic,Point Guard
Gorgui Dieng,Power Forward
Greg Monroe,Center
Guerschon Yabusele,Power Forward
Hassan Whiteside,Center
Ian Clark,Shooting Guard
Ian Mahinmi,Center
Jabari Parker,Small Forward
Jae Crowder,Point Guard
Jake Layman,Small Forward
Jakob Poeltl,Center
Jamal Crawford,Shooting Guard
James Harden,Point Guard
James Johnson,Power Forward
Jason Smith,Center
Jason Terry,Shooting Guard
JaVale McGee,Center
Jaylen Brown,Small Forward
Jayson Tatum,Small Forward
Jeff Green,Small Forward
Jeff Teague,Point Guard
Jerami Grant,Small Forward
Jerryd Bayless,Point Guard
Jimmy Butler,Small Forward
JJ Redick,Shooting Guard
Joe Ingles,Small Forward
Joe Johnson,Small Forward
Joe Young,Point Guard
Joel Embiid,Center
Joffrey Lauvergne,Center
John Henson,Center
John Wall,Point Guard
Jonas Jerebko,Power Forward
Jonas Valanciunas,Center
Jordan Bell,Power Forward
Jordan Clarkson,Shooting Guard
Jordan Crawford,Shooting Guard
Jose Calderon,Point Guard
Josh Huestis,Small Forward
Josh Richardson,Shooting Guard
JR Smith,Shooting Guard
Jrue Holiday,Point Guard
Justin Anderson,Small Forward
Justise Winslow,Small Forward
Jusuf Nurkic,Center
Karl-Anthony Towns,Center
Kelly Olynyk,Center
Kelly Oubre Jr.,Small Forward
Kevin Durant,Small Forward
Kevin Love,Power Forward
Kevon Looney,Power Forward
Khris Middleton,Power Forward
Klay Thompson,Shooting Guard
Kyle Anderson,Shooting Guard
Kyle Korver,Shooting Guard
Kyle Lowry,Point Guard
LaMarcus Aldridge,Power Forward
Lance Stephenson,Shooting Guard
Larry Nance Jr.,Power Forward
LeBron James,Small Forward
Luc Mbah a Moute,Power Forward
Lucas Nogueira,Center
Luke Babbitt,Small Forward
Malcolm Brogdon,Shooting Guard
Manu Ginobili,Shooting Guard
Marcin Gortat,Center
Marco Belinelli,Shooting Guard
Marcus Georges-Hunt,Shooting Guard
Marcus Morris,Small Forward
Marcus Smart,Point Guard
Markelle Fultz,Point Guard
Markieff Morris,Power Forward
Matthew Dellavedova,Point Guard
Maurice Harkless,Small Forward
Meyers Leonard,Power Forward
Mike Scott,Power Forward
Myles Turner,Center
Nemanja Bjelica,Power Forward
Nene,Center
Nick Young,Shooting Guard
Nikola Mirotic,Power Forward
Norman Powell,Shooting Guard
OG Anunoby,Small Forward
Otto Porter Jr.,Small Forward
Pascal Siakam,Power Forward
Pat Connaughton,Shooting Guard
Patrick Patterson,Power Forward
Patty Mills,Point Guard
Pau Gasol,Center
Paul George,Small Forward
PJ Tucker,Small Forward
Quinn Cook,Point Guard
Rajon Rondo,Point Guard
Raul Neto,Point Guard
Raymond Felton,Point Guard
Richaun Holmes,Power Forward
Ricky Rubio,Point Guard
Robert Covington,Small Forward
Rodney Hood,Shooting Guard
Rodney McGruder,Shooting Guard
Royce O'Neale,Small Forward
Rudy Gay,Small Forward
Rudy Gobert,Center
Russell Westbrook,Point Guard
Ryan Anderson,Power Forward
Semi Ojeleye,Power Forward
Serge Ibaka,Power Forward
Shabazz Muhammad,Small Forward
Shabazz Napier,Point Guard
Shane Larkin,Point Guard
Shaun Livingston,Point Guard
Solomon Hill,Small Forward
Stephen Curry,Point Guard
Sterling Brown,Shooting Guard
Steven Adams,Center
T.J. McConnell,Point Guard
Taj Gibson,Power Forward
Tarik Black,Center
Terrance Ferguson,Shooting Guard
Terry Rozier,Point Guard
Thaddeus Young,Power Forward
Thon Maker,Power Forward
Tim Frazier,Point Guard
TJ Leaf,Power Forward
Tomas Satoransky,Shooting Guard
Tony Bradley,Center
Tony Parker,Point Guard
Tony Snell,Small Forward
Trevor Ariza,Small Forward
Trevor Booker,Power Forward
Tristan Thompson,Center
Ty Lawson,Point Guard
Tyler Johnson,Shooting Guard
Tyler Zeller,Center
Tyus Jones,Point Guard
Victor Oladipo,Shooting Guard
Wade Baldwin IV,Point Guard
Wayne Ellington,Shooting Guard
Zach Collins,Center
Zaza Pachulia,Center
Zhou Qi,Power Forward
Aaron Brooks,Point Guard
Aaron Gordon,Small Forward
Aaron Harrison,Shooting Guard
Abdel Nader,Small Forward
Adreian Payne,Power Forward
Al Horford,Center
Al Jefferson,Center
Alan Williams,Power Forward
Alec Burks,Shooting Guard
Alec Peters,Power Forward
Alex Abrines,Shooting Guard
Alex Caruso,Shooting Guard
Alex Len,Center
Alex Poythress,Small Forward
Al-Farouq Aminu,Small Forward
Allen Crabbe,Shooting Guard
Amir Johnson,Power Forward
Andre Drummond,Center
Andre Iguodala,Small Forward
Andre Roberson,Small Forward
Andrew Bogut,Center
Andrew Harrison,Shooting Guard
Andrew White III,Small Forward
Andrew Wiggins,Small Forward
Ante Zizic,Power Forward
Anthony Brown,Small Forward
Anthony Davis,Power Forward
Anthony Tolliver,Power Forward
Antonio Blakeney,Shooting Guard
Antonius Cleveland,Shooting Guard
Antonius Cleveland,Shooting Guard
Aron Baynes,Center
Arron Afflalo,Shooting Guard
Austin Rivers,Shooting Guard
Avery Bradley,Shooting Guard
Avery Bradley,Shooting Guard
Bam Adebayo,Power Forward
Ben McLemore,Shooting Guard
Ben Moore,Power Forward
Ben Simmons,Point Guard
Bismack Biyombo,Center
Blake Griffin,Power Forward
Blake Griffin,Power Forward
Boban Marjanovic,Center
Boban Marjanovic,Center
Bobby Brown,Point Guard
Bobby Portis,Power Forward
Bogdan Bogdanovic,Shooting Guard
Bojan Bogdanovic,Small Forward
Bradley Beal,Shooting Guard
Brandan Wright,Power Forward
Brandan Wright,Power Forward
Brandon Ingram,Small Forward
Brandon Jennings,Point Guard
Brandon Paul,Shooting Guard
Briante Weber,Point Guard
Briante Weber,Point Guard
Brook Lopez,Center
Bruno Caboclo,Small Forward
Bruno Caboclo,Small Forward
Bryn Forbes,Shooting Guard
Buddy Hield,Shooting Guard
C.J. Williams,Shooting Guard
Caleb Swanigan,Power Forward
Cameron Payne,Point Guard
Caris LeVert,Shooting Guard
Carmelo Anthony,Small Forward
Cedi Osman,Small Forward
Chandler Parsons,Small Forward
Channing Frye,Center
Channing Frye,Center
Charles Cooke,Shooting Guard
Cheick Diallo,Power Forward
Chinanu Onuaku,Power Forward
Chris Boucher,Power Forward
Chris McCullough,Power Forward
Chris Paul,Point Guard
CJ McCollum,Shooting Guard
CJ Miles,Small Forward
Clint Capela,Center
Cody Zeller,Power Forward
Cole Aldrich,Center
Corey Brewer,Small Forward
Corey Brewer,Small Forward
Cory Joseph,Shooting Guard
Courtney Lee,Shooting Guard
Cristiano Felicio,Center
D.J. Augustin,Point Guard
D.J. Wilson,Power Forward
Dakari Johnson,Center
Damian Jones,Center
Damian Lillard,Point Guard
Damien Wilkins,Shooting Guard
Damion Lee,Shooting Guard
Damyean Dotson,Shooting Guard
D'Angelo Russell,Point Guard
Daniel Hamilton,Shooting Guard
Daniel Theis,Power Forward
Danilo Gallinari,Small Forward
Danny Green,Shooting Guard
Dante Cunningham,Small Forward
Dante Cunningham,Small Forward
Dante Exum,Point Guard
Danuel House,Shooting Guard
Dario Saric,Power Forward
Darius Miller,Small Forward
Darrell Arthur,Power Forward
Darren Collison,Point Guard
Darrun Hilliard,Shooting Guard
David Nwaba,Point Guard
David West,Power Forward
Davis Bertans,Power Forward
Davon Reed,Shooting Guard
De'Aaron Fox,Point Guard
DeAndre' Bembry,Small Forward
DeAndre Jordan,Center
DeAndre Liggins,Shooting Guard
DeAndre Liggins,Shooting Guard
Dejounte Murray,Point Guard
Delon Wright,Point Guard
DeMar DeRozan,Shooting Guard
DeMarcus Cousins,Center
DeMarre Carroll,Small Forward
Demetrius Jackson,Point Guard
Demetrius Jackson,Point Guard
Dennis Schroder,Point Guard
Dennis Smith Jr.,Point Guard
Denzel Valentine,Shooting Guard
Derrick Favors,Power Forward
Derrick Jones Jr.,Small Forward
Derrick Jones Jr.,Small Forward
Derrick Rose,Point Guard
Derrick Rose,Point Guard
Derrick Walton Jr.,Point Guard
Derrick White,Point Guard
Derrick Williams,Small Forward
Devin Booker,Shooting Guard
Devin Harris,Point Guard
Devin Harris,Point Guard
Devin Robinson,Small Forward
Dewayne Dedmon,Center
Deyonta Davis,Center
Dillon Brooks,Small Forward
Dion Waiters,Shooting Guard
Dirk Nowitzki,Power Forward
Domantas Sabonis,Power Forward
Donovan Mitchell,Shooting Guard
Dorian Finney-Smith,Power Forward
Doug McDermott,Small Forward
Doug McDermott,Small Forward
Dragan Bender,Power Forward
Draymond Green,Power Forward
Dwayne Bacon,Shooting Guard
Dwight Buycks,Point Guard
Dwight Howard,Center
Dwight Powell,Center
Dwyane Wade,Shooting Guard
Dwyane Wade,Shooting Guard
Ed Davis,Power Forward
Edmond Sumner,Point Guard
Ekpe Udoh,Power Forward
Elfrid Payton,Point Guard
Elfrid Payton,Point Guard
Emeka Okafor,Center
Emmanuel Mudiay,Point Guard
Emmanuel Mudiay,Point Guard
Enes Kanter,Center
Eric Bledsoe,Point Guard
Eric Bledsoe,Point Guard
Eric Gordon,Shooting Guard
Eric Moreland,Power Forward
Erik McCree,Small Forward
Ersan Ilyasova,Power Forward
Ersan Ilyasova,Point Guard
E'Twaun Moore,Shooting Guard
Evan Fournier,Shooting Guard
Evan Turner,Shooting Guard
Frank Kaminsky,Center
Frank Mason,Point Guard
Frank Ntilikina,Point Guard
Fred VanVleet,Point Guard
Furkan Korkmaz,Shooting Guard
Garrett Temple,Shooting Guard
Gary Harris,Shooting Guard
Gary Payton II,Point Guard
Gary Payton II,Point Guard
George Hill,Point Guard
George Hill,Point Guard
Georges Niang,Power Forward
Georgios Papagiannis,Center
Georgios Papagiannis,Center
Gerald Green,Shooting Guard
Gian Clavell,Shooting Guard
Giannis Antetokounmpo,Power Forward
Glenn Robinson III,Shooting Guard
Goran Dragic,Point Guard
Gordon Hayward,Small Forward
Gorgui Dieng,Power Forward
Greg Monroe,Center
Greg Monroe,Center
Greg Monroe,Center
Guerschon Yabusele,Power Forward
Harrison Barnes,Small Forward
Hassan Whiteside,Center
Henry Ellenson,Power Forward
Ian Clark,Shooting Guard
Ian Mahinmi,Center
Ike Anigbogu,Center
Iman Shumpert,Shooting Guard
Isaiah Canaan,Shooting Guard
Isaiah Canaan,Shooting Guard
Isaiah Hicks,Power Forward
Isaiah Taylor,Point Guard
Isaiah Thomas,Point Guard
Isaiah Thomas,Point Guard
Isaiah Whitehead,Point Guard
Ish Smith,Point Guard
Ivan Rabb,Power Forward
Ivica Zubac,Center
J.J. Barea,Point Guard
Jabari Bird,Shooting Guard
Jabari Parker,Small Forward
Jacob Pullen,Point Guard
Jacob Wiley,Small Forward
Jae Crowder,Small Forward
Jae Crowder,Point Guard
Jahlil Okafor,Center
Jahlil Okafor,Center
JaKarr Sampson,Small Forward
Jake Layman,Small Forward
Jakob Poeltl,Center
Jalen Jones,Small Forward
Jalen Jones,Small Forward
Jamal Crawford,Shooting Guard
Jamal Murray,Shooting Guard
Jameel Warney,Power Forward
Jameer Nelson,Point Guard
Jameer Nelson,Point Guard
Jamel Artis,Shooting Guard
James Ennis III,Small Forward
James Ennis III,Small Forward
James Harden,Point Guard
James Johnson,Power Forward
James Michael McAdoo,Power Forward
James Webb III,Small Forward
James Young,Shooting Guard
Jamil Wilson,Small Forward
JaMychal Green,Power Forward
Jared Dudley,Power Forward
Jarell Eddie,Shooting Guard
Jarell Eddie,Shooting Guard
Jarell Martin,Power Forward
Jarrett Allen,Center
Jarrett Jack,Point Guard
Jason Smith,Center
Jason Terry,Shooting Guard
JaVale McGee,Center
Jawun Evans,Point Guard
Jaylen Brown,Small Forward
Jayson Tatum,Small Forward
Jeff Green,Small Forward
Jeff Teague,Point Guard
Jeff Withey,Center
Jerami Grant,Small Forward
Jeremy Evans,Small Forward
Jeremy Lamb,Shooting Guard
Jeremy Lin,Point Guard
Jerian Grant,Point Guard
Jerryd Bayless,Point Guard
Jimmy Butler,Small Forward
JJ Redick,Shooting Guard
Joakim Noah,Center
Jodie Meeks,Shooting Guard
Joe Harris,Shooting Guard
Joe Ingles,Small Forward
Joe Johnson,Small Forward
Joe Johnson,Small Forward
Joe Young,Point Guard
Joel Bolomboy,Power Forward
Joel Embiid,Center
Joffrey Lauvergne,Center
John Collins,Power Forward
John Henson,Center
John Holland,Shooting Guard
John Wall,Point Guard
Johnathan Motley,Power Forward
Johnny O'Bryant,Power Forward
Jon Leuer,Power Forward
Jonas Jerebko,Power Forward
Jonas Valanciunas,Center
Jonathan Gibson,Point Guard
Jonathan Isaac,Small Forward
Jonathon Simmons,Shooting Guard
Jordan Bell,Power Forward
Jordan Clarkson,Shooting Guard
Jordan Clarkson,Shooting Guard
Jordan Crawford,Shooting Guard
Jordan Mickey,Power Forward
Jose Calderon,Point Guard
Josh Hart,Shooting Guard
Josh Huestis,Small Forward
Josh Jackson,Small Forward
Josh Magette,Point Guard
Josh McRoberts,Power Forward
Josh Richardson,Shooting Guard
Josh Smith,Power Forward
JR Smith,Shooting Guard
Jrue Holiday,Point Guard
Juancho Hernangomez,Power Forward
Julius Randle,Power Forward
Julyan Stone,Point Guard
Justin Anderson,Small Forward
Justin Holiday,Shooting Guard
Justin Jackson,Small Forward
Justin Patton,Center
Justise Winslow,Small Forward
Jusuf Nurkic,Center
Kadeem Allen,Shooting Guard
Karl-Anthony Towns,Center
Kawhi Leonard,Small Forward
Kay Felder,Point Guard
Kay Felder,Point Guard
Kelly Olynyk,Center
Kelly Oubre Jr.,Small Forward
Kemba Walker,Point Guard
Kendrick Perkins,Center
Kenneth Faried,Power Forward
Kent Bazemore,Small Forward
Kentavious Caldwell-Pope,Shooting Guard
Kevin Durant,Small Forward
Kevin Love,Power Forward
Kevon Looney,Power Forward
Khem Birch,Center
Khris Middleton,Power Forward
Klay Thompson,Shooting Guard
Kobi Simmons,Point Guard
Kosta Koufos,Center
Kris Dunn,Point Guard
Kristaps Porzingis,Power Forward
Kyle Anderson,Shooting Guard
Kyle Collinsworth,Point Guard
Kyle Korver,Shooting Guard
Kyle Kuzma,Power Forward
Kyle Lowry,Point Guard
Kyle O'Quinn,Power Forward
Kyle Singler,Small Forward
Kyrie Irving,Point Guard
LaMarcus Aldridge,Power Forward
Lance Stephenson,Shooting Guard
Lance Thomas,Power Forward
Langston Galloway,Point Guard
Larry Drew II,Point Guard
Larry Drew II,Point Guard
Larry Nance Jr.,Power Forward
Larry Nance Jr.,Power Forward
Lauri Markkanen,Power Forward
LeBron James,Small Forward
London Perrantes,Point Guard
Lonzo Ball,Point Guard
Lou Williams,Shooting Guard
Luc Mbah a Moute,Power Forward
Lucas Nogueira,Center
Luis Montero,Shooting Guard
Luke Babbitt,Small Forward
Luke Babbitt,Small Forward
Luke Kennard,Shooting Guard
Luke Kornet,Power Forward
Luol Deng,Small Forward
Malachi Richardson,Shooting Guard
Malachi Richardson,Shooting Guard
Malcolm Brogdon,Shooting Guard
Malcolm Delaney,Point Guard
Malcolm Miller,Small Forward
Malik Beasley,Shooting Guard
Malik Monk,Shooting Guard
Mangok Mathiang,Power Forward
Manu Ginobili,Shooting Guard
Marc Gasol,Center
Marcin Gortat,Center
Marco Belinelli,Shooting Guard
Marco Belinelli,Shooting Guard
Marcus Georges-Hunt,Shooting Guard
Marcus Morris,Small Forward
Marcus Paige,Point Guard
Marcus Smart,Point Guard
Mario Chalmers,Point Guard
Mario Hezonja,Small Forward
Markel Brown,Shooting Guard
Markelle Fultz,Point Guard
Markieff Morris,Power Forward
Marquese Chriss,Power Forward
Marquis Teague,Point Guard
Marreese Speights,Center
Marshall Plumlee,Center
MarShon Brooks,Shooting Guard
Marvin Williams,Power Forward
Mason Plumlee,Center
Matt Costello,Small Forward
Matt Williams Jr.,Shooting Guard
Matthew Dellavedova,Point Guard
Maurice Harkless,Small Forward
Meyers Leonard,Power Forward
Michael Beasley,Small Forward
Michael Carter-Williams,Point Guard
Michael Kidd-Gilchrist,Small Forward
Mike Conley,Point Guard
Mike James,Point Guard
Mike James,Point Guard
Mike Muscala,Center
Mike Scott,Power Forward
Miles Plumlee,Center
Milos Teodosic,Point Guard
Milton Doyle,Point Guard
Mindaugas Kuzminskas,Small Forward
Mirza Teletovic,Power Forward
Monte Morris,Point Guard
Montrezl Harrell,Power Forward
Myke Henry,Small Forward
Myles Turner,Center
Nate Wolters,Point Guard
Naz Mitrou-Long,Point Guard
Nemanja Bjelica,Power Forward
Nene,Center
Nerlens Noel,Power Forward
Nick Collison,Power Forward
Nick Young,Shooting Guard
Nicolas Batum,Shooting Guard
Nicolas Brussino,Small Forward
Nigel Hayes,Small Forward
Nigel Hayes,Small Forward
Nigel Hayes,Small Forward
Nik Stauskas,Shooting Guard
Nik Stauskas,Shooting Guard
Nikola Jokic,Power Forward
Nikola Mirotic,Power Forward
Nikola Mirotic,Power Forward
Nikola Vucevic,Center
Noah Vonleh,Power Forward
Noah Vonleh,Point Guard
Norman Powell,Shooting Guard
OG Anunoby,Small Forward
Okaro White,Power Forward
Omer Asik,Center
Omer Asik,Center
Omri Casspi,Small Forward
Otto Porter Jr.,Small Forward
Pascal Siakam,Power Forward
Pat Connaughton,Shooting Guard
Patrick Beverley,Shooting Guard
Patrick McCaw,Shooting Guard
Patrick Patterson,Power Forward
Patty Mills,Point Guard
Pau Gasol,Center
Paul George,Small Forward
Paul Millsap,Power Forward
Paul Zipser,Small Forward
PJ Dozier,Point Guard
PJ Tucker,Small Forward
Quincy Acy,Power Forward
Quincy Pondexter,Shooting Guard
Quinn Cook,Point Guard
Rajon Rondo,Point Guard
Ramon Sessions,Point Guard
Ramon Sessions,Point Guard
Rashad Vaughn,Shooting Guard
Rashad Vaughn,Shooting Guard
Rashad Vaughn,Shooting Guard
Raul Neto,Point Guard
Raymond Felton,Point Guard
Reggie Bullock,Small Forward
Reggie Hearn,Shooting Guard
Reggie Jackson,Point Guard
Richard Jefferson,Small Forward
Richaun Holmes,Power Forward
Ricky Rubio,Point Guard
RJ Hunter,Shooting Guard
Robert Covington,Small Forward
Robin Lopez,Center
Rodney Hood,Shooting Guard
Rodney Hood,Shooting Guard
Rodney McGruder,Shooting Guard
Rodney Purvis,Shooting Guard
Ron Baker,Shooting Guard
Rondae Hollis-Jefferson,Small Forward
Royce O'Neale,Small Forward
Rudy Gay,Small Forward
Rudy Gobert,Center
Russell Westbrook,Point Guard
Ryan Anderson,Power Forward
Ryan Arcidiacono,Point Guard
Salah Mejri,Center
Sam Dekker,Small Forward
Scotty Hopson,Shooting Guard
Sean Kilpatrick,Shooting Guard
Sean Kilpatrick,Shooting Guard
Sean Kilpatrick,Shooting Guard
Sean Kilpatrick,Shooting Guard
Semi Ojeleye,Power Forward
Serge Ibaka,Power Forward
Shabazz Muhammad,Small Forward
Shabazz Muhammad,Small Forward
Shabazz Napier,Point Guard
Shane Larkin,Point Guard
Shaquille Harrison,Point Guard
Shaun Livingston,Point Guard
Shelvin Mack,Point Guard
Sindarius Thornwell,Shooting Guard
Skal Labissiere,Power Forward
Solomon Hill,Small Forward
Spencer Dinwiddie,Point Guard
Stanley Johnson,Small Forward
Stephen Curry,Point Guard
Sterling Brown,Shooting Guard
Steven Adams,Center
T.J. McConnell,Point Guard
Taj Gibson,Power Forward
Tarik Black,Center
Taurean Prince,Small Forward
Terrance Ferguson,Shooting Guard
Terrence Ross,Small Forward
Terry Rozier,Point Guard
Thabo Sefolosha,Small Forward
Thaddeus Young,Power Forward
Thomas Bryant,Center
Thon Maker,Power Forward
Tim Frazier,Point Guard
Tim Hardaway Jr.,Shooting Guard
Tim Quarterman,Shooting Guard
Timofey Mozgov,Center
Timothe Luwawu-Cabarrot,Small Forward
TJ Leaf,Power Forward
TJ Warren,Small Forward
Tobias Harris,Power Forward
Tobias Harris,Power Forward
Tomas Satoransky,Shooting Guard
Tony Allen,Shooting Guard
Tony Bradley,Center
Tony Parker,Point Guard
Tony Snell,Small Forward
Torrey Craig,Shooting Guard
Travis Wear,Small Forward
Treveon Graham,Shooting Guard
Trevor Ariza,Small Forward
Trevor Booker,Power Forward
Trevor Booker,Power Forward
Trevor Booker,Power Forward
Trey Burke,Point Guard
Trey Lyles,Power Forward
Trey McKinney-Jones,Shooting Guard
Tristan Thompson,Center
Troy Daniels,Shooting Guard
Troy Williams,Small Forward
Troy Williams,Small Forward
Tyler Cavanaugh,Power Forward
Tyler Dorsey,Shooting Guard
Tyler Ennis,Point Guard
Tyler Johnson,Shooting Guard
Tyler Lydon,Power Forward
Tyler Ulis,Point Guard
Tyler Zeller,Center
Tyler Zeller,Center
Tyreke Evans,Small Forward
Tyrone Wallace,Shooting Guard
Tyson Chandler,Center
Tyus Jones,Point Guard
Udonis Haslem,Power Forward
Victor Oladipo,Shooting Guard
Vince Carter,Shooting Guard
Vincent Hunter,Small Forward
Wade Baldwin IV,Point Guard
Walter Lemon Jr.,Point Guard
Wayne Ellington,Shooting Guard
Wes Iwundu,Shooting Guard
Wesley Johnson,Small Forward
Wesley Matthews,Shooting Guard
Will Barton,Shooting Guard
Willie Cauley-Stein,Center
Willie Reed,Power Forward
Willie Reed,Power Forward
Willy Hernangomez,Center
Willy Hernangomez,Center
Wilson Chandler,Small Forward
Xavier Munford,Point Guard
Xavier Rathan-Mayes,Shooting Guard
Yogi Ferrell,Point Guard
Zach Collins,Center
Zach LaVine,Shooting Guard
Zach Randolph,Power Forward
Zaza Pachulia,Center
Zhou Qi,Power Forward
Marc Gasol,Center
Serge Ibaka,Center
Zach Collins,Center
Enes Kanter,Center
Brook Lopez,Center
Nikola Jokic,Center
Mason Plumlee,Center
Andrew Bogut,Center
Clint Capela,Center
Joel Embiid,Center
Meyers Leonard,Center
Boban Marjanovic,Center
Greg Monroe,Center
Aron Baynes,Center
Al Horford,Center
Eric Moreland,Center
Jakob Poeltl,Center
Nene,Center
Montrezl Harrell,Center
Kenneth Faried,Center
Jarrett Allen,Center
Khem Birch,Center
Nikola Vucevic,Center
Steven Adams,Center
Nerlens Noel,Center
Derrick Favors,Center
Rudy Gobert,Center
Donatas Motiejunas,Center
Myles Turner,Center
Andre Drummond,Center
Ivica Zubac,Center
Amir Johnson,Center
Ed Davis,Center
Robert Williams III,Center
Damian Jones,Center
DeMarcus Cousins,Center
Ekpe Udoh,Center
Zaza Pachulia,Center
Isaiah Hartenstein,Center
Kyle O'Quinn,Center
Steven Adams,Center
Bam Adebayo,Center
Jarrett Allen,Center
Ike Anigbogu,Center
Deandre Ayton,Center
Mo Bamba,Center
Aron Baynes,Center
Khem Birch,Center
Bismack Biyombo,Center
Andrew Bogut,Center
Tony Bradley,Center
Thomas Bryant,Center
Clint Capela,Center
Willie Cauley-Stein,Center
Tyson Chandler,Center
Tyson Chandler,Center
John Collins,Center
Zach Collins,Center
DeMarcus Cousins,Center
Anthony Davis,Center
Deyonta Davis,Center
Ed Davis,Center
Tyler Davis,Center
Dewayne Dedmon,Center
Angel Delgado,Center
Gorgui Dieng,Center
Andre Drummond,Center
Joel Embiid,Center
Kenneth Faried,Center
Kenneth Faried,Center
Derrick Favors,Center
Cristiano Felicio,Center
Channing Frye,Center
Marc Gasol,Center
Marc Gasol,Center
Pau Gasol,Center
Pau Gasol,Center
Harry Giles III,Center
Rudy Gobert,Center
Marcin Gortat,Center
Montrezl Harrell,Center
Isaiah Hartenstein,Center
Willy Hernangomez,Center
Richaun Holmes,Center
Al Horford,Center
Dwight Howard,Center
Isaac Humphries,Center
Serge Ibaka,Center
Jaren Jackson Jr.,Center
Amir Johnson,Center
Nikola Jokic,Center
Damian Jones,Center
DeAndre Jordan,Center
DeAndre Jordan,Center
Frank Kaminsky,Center
Enes Kanter,Center
Enes Kanter,Center
Luke Kornet,Center
Kosta Koufos,Center
Alex Len,Center
Meyers Leonard,Center
Brook Lopez,Center
Robin Lopez,Center
Kevin Love,Center
Ian Mahinmi,Center
Boban Marjanovic,Center
Boban Marjanovic,Center
JaVale McGee,Center
Salah Mejri,Center
Greg Monroe,Center
Greg Monroe,Center
Greg Monroe,Center
Eric Moreland,Center
Eric Moreland,Center
Donatas Motiejunas,Center
Mike Muscala,Center
Mike Muscala,Center
Nene,Center
Joakim Noah,Center
Nerlens Noel,Center
Jusuf Nurkic,Center
Jahlil Okafor,Center
Kyle O'Quinn,Center
Zaza Pachulia,Center
Justin Patton,Center
Mason Plumlee,Center
Miles Plumlee,Center
Jakob Poeltl,Center
Dwight Powell,Center
Zhou Qi,Center
Mitchell Robinson,Center
Jason Smith,Center
Jason Smith,Center
Jason Smith,Center
Tristan Thompson,Center
Karl-Anthony Towns,Center
Myles Turner,Center
Ekpe Udoh,Center
Jonas Valanciunas,Center
Jonas Valanciunas,Center
Nikola Vucevic,Center
Moritz Wagner,Center
Thomas Welsh,Center
Hassan Whiteside,Center
Robert Williams III,Center
Alan Williams,Center
DJ Augustin,Point Guard
DJ Augustin,Point Guard
JJ Hickson,Power Forward
OJ Mayo,Shooting Guard
CJ McCollum,Shooting Guard
CJ Miles,Shooting Guard
JJ Redick,Shooting Guard
JR Smith,Small Forward
PJ Tucker,Small Forward
CJ Watson,Point Guard
DJ White,Power Forward
AJ Price,Point Guard
AJ Price,Point Guard
AJ Price,Point Guard
DJ Augustin,Point Guard
DJ Augustin,Point Guard
Glen Rice Jr,Shooting Guard
JR Smith,Shooting Guard
JR Smith,Shooting Guard
OJ Mayo,Shooting Guard
Tim Hardaway Jr,Shooting Guard
DJ Augustin,Point Guard
DJ Augustin,Point Guard
JR Smith,Shooting Guard
Larry Nance Jr,Power Forward
OJ Mayo,Shooting Guard
Tim Hardaway Jr,Shooting Guard
CJ Watson,Point Guard
CJ Watson,Point Guard
DJ Augustin,Point Guard
"Derrick Jones, Jr",Small Forward
JJ Barea,Point Guard
Kelly Oubre Jr,Small Forward
Larry Nance Jr,Power Forward
Otto Porter Jr,Small Forward
TJ McConnell,Point Guard
Tim Hardaway Jr,Shooting Guard
Kelly Oubre Jr,Small Forward
Larry Nance Jr,Power Forward
Otto Porter Jr,Small Forward
TJ McConnell,Point Guard
CJ Williams,Shooting Guard
DJ Augustin,Point Guard
DJ Wilson,Power Forward
Dennis Smith Jr,Point Guard
Derrick Jones Jr,Small Forward
Derrick Jones Jr,Small Forward
Derrick Walton Jr,Point Guard
JJ Barea,Point Guard
Kelly Oubre Jr,Small Forward
Larry Nance Jr,Power Forward
Larry Nance Jr,Power Forward
Matt Williams Jr,Shooting Guard
Otto Porter Jr,Small Forward
TJ McConnell,Point Guard
Tim Hardaway Jr,Shooting Guard
Walter Lemon Jr,Point Guard
Jaren Jackson Jr,Center
DJ Augustin,Point Guard
DJ Augustin,Point Guard
JJ Hickson,Power Forward
OJ Mayo,Shooting Guard
CJ McCollum,Shooting Guard
CJ Miles,Shooting Guard
JJ Redick,Shooting Guard
JR Smith,Small Forward
PJ Tucker,Small Forward
CJ Watson,Point Guard
DJ White,Power Forward
AJ Price,Point Guard
AJ Price,Point Guard
AJ Price,Point Guard
DJ Augustin,Point Guard
DJ Augustin,Point Guard
Glen Rice,Shooting Guard
JR Smith,Shooting Guard
JR Smith,Shooting Guard
OJ Mayo,Shooting Guard
Tim Hardaway,Shooting Guard
DJ Augustin,Point Guard
DJ Augustin,Point Guard
JR Smith,Shooting Guard
Larry Nance,Power Forward
OJ Mayo,Shooting Guard
Tim Hardaway,Shooting Guard
CJ Watson,Point Guard
CJ Watson,Point Guard
DJ Augustin,Point Guard
"Derrick Jones,",Small Forward
JJ Barea,Point Guard
Kelly Oubre,Small Forward
Larry Nance,Power Forward
Otto Porter,Small Forward
TJ McConnell,Point Guard
Tim Hardaway,Shooting Guard
Kelly Oubre,Small Forward
Larry Nance,Power Forward
Otto Porter,Small Forward
TJ McConnell,Point Guard
CJ Williams,Shooting Guard
DJ Augustin,Point Guard
DJ Wilson,Power Forward
Dennis Smith,Point Guard
Derrick Jones,Small Forward
Derrick Jones,Small Forward
Derrick Walton,Point Guard
JJ Barea,Point Guard
Kelly Oubre,Small Forward
Larry Nance,Power Forward
Larry Nance,Power Forward
Matt Williams,Shooting Guard
Otto Porter,Small Forward
TJ McConnell,Point Guard
Tim Hardaway,Shooting Guard
Walter Lemon,Point Guard
Jaren Jackson,Center
Amar'e Stoudemire,Center
ue Holiday,Point Guard
dahntay jones,Shooting Guard
taurean waller-prince,Forward
jakob poltl,Center
gary payton,Point Guard
sheldon mac,Guard
